longitude,latitude,housing_median_age,total_rooms,total_bedrooms,population,households,median_income,ocean_proximity,median_house_value
-119.60412007127101,36.265151169166764,11,9670,2526.0,5075,1489,4.003314671701228,NEAR BAY,323014.02953691763
-122.35497881071468,39.56813923721952,29,5272,1222.0,2588,945,2.185855209483561,NEAR BAY,172723.66590563953
-121.98745554738096,39.68288278537348,2,9713,2288.0,5458,1507,4.8924981302082475,<1H OCEAN,363540.2830716667
-123.22908710896287,34.42336580588049,18,1566,259.0,726,411,5.329482397910979,INLAND,268228.3462172851
-124.19420508155876,41.25631136766432,29,1248,329.0,641,164,1.4506825431690418,NEAR BAY,217776.17916273966
-119.79415425779509,33.62209463822629,15,990,294.0,452,216,1.9425843425630829,INLAND,141754.79157939655
-116.35372567075814,40.83393536653976,31,13421,2336.0,7560,1784,3.6970240360156215,INLAND,228830.08543751543
-116.71864228344168,33.43367950454323,24,1574,334.0,498,255,3.0273596392721385,NEAR OCEAN,215014.08989951655
-123.87207930441093,34.96022024370719,42,8291,1312.0,3183,1698,3.464053652312354,<1H OCEAN,231882.3778881794
-118.38617438334087,40.372250385432,10,4896,759.0,5169,1341,2.37769191278,<1H OCEAN,186839.6777926887
-122.62631212078254,34.169276272818614,3,2766,880.0,1414,365,5.184788700035749,<1H OCEAN,351428.19696806883
-114.6010218954001,36.34618176118272,28,6885,1610.0,5722,1571,4.953063979983019,NEAR BAY,341218.055009878
-122.49287700362937,36.683691489480374,14,1361,286.0,1551,362,3.5956105645550887,INLAND,232742.32446124975
-117.80827997948569,34.78090844911585,37,2621,516.0,822,360,5.796524669998788,NEAR OCEAN,288930.2680960685
-120.87236870592662,39.10528037242467,5,5702,1805.0,4232,1086,4.307592675108315,<1H OCEAN,275000.72071941086
-117.6560744751636,40.417412239440495,30,3290,635.0,1523,604,2.3710156121836996,<1H OCEAN,188825.3433180562
-119.99496231606643,40.63354880065682,52,2879,787.0,1860,608,4.120348935415211,NEAR BAY,285697.79813555215
-116.45164086647478,35.65569595535002,5,3485,691.0,1248,447,2.2671030558585774,NEAR OCEAN,233374.9442615708
-121.84707292165585,37.436908666876676,16,5685,921.0,1729,1140,5.182578102213421,<1H OCEAN,298152.48265480227
-114.96092310027454,34.810179555950555,44,751,200.0,522,165,3.412800925965244,<1H OCEAN,215159.74230633676
-119.09786157700381,34.77660746441635,28,2680,403.0,1948,531,3.2117370774697416,<1H OCEAN,243161.17283527396
-116.4878498933289,33.9996627845229,10,4737,1255.0,2105,1049,2.569166956746584,NEAR BAY,190295.1651041133
-115.53275204770749,41.24217680050988,12,4768,918.0,3937,937,6.050516270707879,INLAND,329176.7449074128
-114.01194816826099,40.75829610603189,40,5070,1404.0,3934,1295,3.2558772020436755,NEAR BAY,244367.49148798265
-121.91575421094163,39.729436033947536,45,2073,582.0,974,483,2.878451511767535,INLAND,139961.64662950317
-121.27369738165277,37.31425214797588,19,6747,1843.0,4075,1208,2.9788576922470735,<1H OCEAN,219802.54023272463
-121.64558251533474,37.062653614260405,25,11025,1700.0,2871,1396,4.435051081459824,NEAR BAY,339553.52524791175
-121.51871241197021,37.42663469549723,41,2919,787.0,1299,771,4.1142223172405545,NEAR BAY,311347.64544823946
-118.25906363629835,37.49008252626693,10,2514,800.0,1922,551,4.202710503947964,INLAND,236206.24145496203
-114.06607026391241,36.54143668768852,11,8460,1618.0,1916,1052,4.237059232441588,,310248.5299290485
-114.0991635116539,33.725319945896224,41,8681,1707.0,1974,1092,9.149886001814286,NEAR BAY,500000.0
-118.82691304010446,33.66867383167738,10,1917,553.0,1014,278,2.9069756424949307,INLAND,182883.43776344426
-117.68192245530032,41.355922357364854,41,5027,891.0,1775,1069,2.7717829348151337,<1H OCEAN,173124.03056650684
-115.42830045424363,36.98288606415306,26,2122,557.0,1459,379,2.420084053189725,INLAND,139433.14751815487
-114.68407872377425,41.36481138161825,52,4898,1363.0,4094,1075,4.605221369750721,NEAR BAY,320189.9245534974
-122.12062160123865,34.021264962704024,2,6981,1091.0,3218,1685,5.801041855760989,INLAND,310674.38122656965
-118.80887436478699,37.65607393397138,50,5519,1347.0,3069,1022,3.3158819749904236,NEAR OCEAN,202004.85189579427
-115.70506204245258,34.43177045616932,12,8924,2212.0,2491,1399,2.391521048230936,NEAR OCEAN,173192.03880898945
-121.10733881832716,34.85461683697739,2,3392,684.0,2134,640,2.4084501586573746,<1H OCEAN,218287.03006182646
-119.71394776669923,32.77950758247896,38,10945,3272.0,2810,1670,4.677513917243753,INLAND,228479.68081216048
-114.14666476457752,33.60626578988396,28,7397,1314.0,6295,1485,4.8766786178191985,,293519.4203284939
-114.15252369344712,41.02669019095152,44,8681,1840.0,3490,1660,4.456748305933955,NEAR OCEAN,306396.68771181593
-114.95771053019514,35.49025682078568,6,10174,2994.0,4751,1365,2.5870562122821004,INLAND,143951.09794821806
-116.05582688275382,38.1556016708057,5,9549,1742.0,2265,1210,3.8747168740707822,INLAND,227749.94895917742
-121.45486889262739,36.824631427500236,30,5120,1483.0,2112,1002,3.678513072393819,INLAND,200371.58367750642
-120.9273292445147,36.22419658078109,46,10674,1745.0,4714,1679,3.8512965911611827,<1H OCEAN,239888.54296821277
-118.61771501971027,37.44654064951843,22,7551,1761.0,4882,1544,5.166228628471074,INLAND,300482.2823594551
-118.48007077946748,34.24132218492267,42,3089,503.0,3605,820,3.859810144670609,NEAR BAY,245534.63433893022
-119.04387124255791,41.69401625623206,48,1891,502.0,414,263,4.7375072624689825,NEAR OCEAN,300180.6578439299
-117.70596314485368,40.11026317894592,46,549,156.0,189,126,3.5981167416723663,<1H OCEAN,244245.94997509453
-120.03510516914352,39.39701608440309,27,2882,849.0,1288,512,3.9753139630826295,NEAR OCEAN,264426.51397846447
-116.55842359538157,36.85946146222976,37,1335,423.0,576,225,4.637056090502196,<1H OCEAN,266845.0749645504
-120.79779074992078,33.921757235774926,28,2101,555.0,1930,475,1.8117258170269281,INLAND,136816.81980178418
-120.8270946311472,41.06219248194418,36,1204,338.0,1256,303,3.022692385625214,<1H OCEAN,210783.8729877241
-122.90229518870336,35.67489972665007,30,9264,2186.0,7167,1768,2.824502677020177,INLAND,181823.22240429127
-122.27513545770502,32.96599221418148,28,2313,706.0,536,280,2.6182468911425323,INLAND,173975.82153521435
-115.52468703500216,35.684354194338844,23,7713,2001.0,3161,1173,3.083872113017143,<1H OCEAN,191287.26571756005
-119.64792014647949,39.88845038361172,34,3839,1152.0,2601,710,6.839561285669836,INLAND,357237.70344534685
-121.8757485771611,38.29119132839033,40,1522,289.0,992,412,2.364049404320096,INLAND,169426.08771181953
-116.45472077977165,39.482798838127195,48,8439,1978.0,4444,1298,5.396363277534672,NEAR OCEAN,319027.1642113331
-118.54939251666804,39.880809069920105,32,6932,1900.0,3829,1750,1.6367435093724312,INLAND,82877.65534299977
-123.98420868348241,34.471177883049045,6,8996,1659.0,3530,1448,3.002069056686246,INLAND,188847.74914282025
-120.9731131351655,41.091184839666575,31,12763,2373.0,7024,1758,3.755565523355901,NEAR OCEAN,261355.08715058092
-122.39458560656233,36.57330330715946,17,6242,1974.0,2474,1111,4.543965318928545,<1H OCEAN,252770.7379259021
-117.51009681797503,38.44282693815673,2,6251,1399.0,5375,1251,4.806897958062855,<1H OCEAN,291606.5387763686
-121.39468338557143,32.5214715850567,4,1368,247.0,874,366,4.9878564874391955,INLAND,243774.47655859974
-123.53754285205858,41.73832703522395,31,5624,1161.0,2434,1552,2.9834302152838776,NEAR OCEAN,238421.7902166111
-123.63966311018378,35.11233638946664,50,7775,1691.0,3081,1376,2.8347158228474334,<1H OCEAN,189675.03680233937
-118.2663815608211,33.07718689082344,27,4323,1106.0,1090,546,5.135047772078206,INLAND,229568.99363655705
-123.97842075181829,36.76183698628958,24,3380,1037.0,2126,716,3.2024401106540004,INLAND,196286.17646385357
-115.5423204460119,33.69997953179299,5,7300,2319.0,2094,1146,1.9658823045547251,INLAND,147317.35100132175
-122.61494938357579,33.91663840446545,36,976,255.0,467,141,2.0959790133593486,NEAR BAY,217808.64706444397
-118.01302338100662,38.380230161180954,3,5683,1529.0,6032,1494,2.3076887240766046,INLAND,155267.68043484256
-119.6641821142904,36.154224741603166,44,2521,516.0,1508,591,4.365454618922777,<1H OCEAN,235615.06777766708
-119.6829144834346,41.07322778644145,43,1263,373.0,487,245,3.721368887962082,<1H OCEAN,209918.06688587787
-123.46766914792754,35.46815539985505,52,4624,865.0,1796,675,4.7622412550589495,INLAND,223136.21773186256
-116.0119270478354,39.25347519397028,15,8679,1459.0,5760,1524,2.8798445273986624,NEAR OCEAN,230936.44737210788
-115.09086465551682,36.78822470044064,9,4159,1312.0,1865,580,3.7484516484985893,INLAND,224288.01394171096
-124.08762999268087,38.63754710050229,16,8034,2385.0,1838,1025,4.625181795307052,INLAND,248771.0782133098
-122.3782374078894,38.07716681745871,42,10814,2180.0,4535,1483,3.036768805216566,<1H OCEAN,189807.9401921758
-114.98017727428612,36.89689094665868,12,1489,,503,176,4.286835679374058,NEAR BAY,305464.8233695844
-118.59516514943941,41.335568180007265,47,10151,2329.0,3418,1396,2.5912317103798173,<1H OCEAN,235259.40190261177
-122.66959630186825,35.68723687762109,9,4695,962.0,1101,605,2.964255097594502,NEAR BAY,242222.03561451027
-122.13153738338659,34.148290161618235,3,9868,1961.0,5597,1288,2.939436651049507,INLAND,177972.98314751685
-117.46814030878144,38.8062747661824,12,3111,539.0,875,435,2.0378027814499027,NEAR BAY,294846.3613133633
-116.8068684130819,40.36787032016355,40,2651,645.0,727,353,4.345486048612718,INLAND,235493.71999832682
-118.08584655248467,32.87435978144129,32,11802,2666.0,2776,1444,2.8257362409483124,<1H OCEAN,165441.3668040441
-114.47788652489224,36.68158400233093,19,8679,2058.0,4658,1477,3.510022169053403,NEAR OCEAN,273752.73679172
-119.16055124264987,40.80013551409213,35,11830,2208.0,4927,1768,4.333328686764163,INLAND,207618.91039246845
-121.13722649614623,39.471453155982665,34,7636,2364.0,2795,1257,4.267119584383148,NEAR BAY,319327.4372236095
-119.33222431824687,41.72381176342794,29,6995,1809.0,2476,902,4.7087538565320575,NEAR OCEAN,293365.5295488207
-120.53140380460057,37.442148447854365,27,2529,766.0,1544,447,3.3390339611725683,<1H OCEAN,211874.1218309915
-121.91095789471821,38.637960184850705,6,4673,788.0,1425,615,2.8849736301244113,INLAND,223579.68674825967
-123.73117485673058,35.31306661458273,14,9056,2317.0,5018,1208,3.3673524252056417,INLAND,214656.0329697996
-120.60743256563573,41.312081076893726,28,5825,1715.0,1674,701,1.6334584322988406,INLAND,142084.0112178831
-116.94362465336063,35.90692004357579,8,4422,912.0,1934,932,1.8199324543574915,NEAR BAY,222540.31571197344
-124.01193441067302,39.368149627985645,25,2833,519.0,1716,402,1.9247289919774893,NEAR BAY,195666.3936158133
-119.72037916529946,36.249203898307464,7,6250,1219.0,3304,858,2.2282999212709265,INLAND,172399.74835931772
-117.63110410521135,37.72491604958589,41,4246,834.0,1295,519,4.1782746661153425,NEAR BAY,317949.49000858696
-117.97387808642206,39.19397757570038,6,2475,559.0,1214,308,2.3222450810210176,NEAR BAY,238033.2684037865
-116.2781859539351,37.233087611287594,5,2171,446.0,1025,341,2.944169725949546,,231142.90838985058
-115.93269890027007,40.93590284025843,34,6332,1242.0,2481,990,6.262958855108973,<1H OCEAN,359805.4775882208
-116.94060062662224,36.39949918772864,12,3187,829.0,2892,735,2.973326063835242,,241255.29332582725
-123.15146349932355,38.51776772273292,19,2404,382.0,1057,287,4.8641014696740985,NEAR BAY,339026.45193972194
-119.35477107115553,35.6839706296905,17,4699,977.0,2326,984,2.2930253151344147,NEAR BAY,229713.51720190077
-118.0452592336264,36.29585701454842,12,2814,752.0,1287,395,3.182137366862894,INLAND,166371.27733955675
-121.6952264041436,36.59246600657204,40,1084,195.0,373,145,2.2761605980092794,<1H OCEAN,166827.0846127918
-123.76597146000289,33.67000527030425,36,1951,366.0,514,342,2.9964705593183103,NEAR OCEAN,226839.05265421586
-121.91937872706433,33.353030215248765,13,3977,732.0,3745,873,5.094383517747321,NEAR BAY,337244.1499562573
-119.56007710232709,38.70765628526485,36,7654,1149.0,5328,1722,1.6043293351961898,<1H OCEAN,151048.40350844795
-119.97791074564307,38.596314966590384,38,4094,944.0,1702,526,4.243933874088668,<1H OCEAN,253335.2949898916
-122.39799679046295,38.665060342153886,29,3620,567.0,1937,598,3.8844485137843985,<1H OCEAN,261391.75107421642
-115.79096146462837,32.683827941687035,31,2082,409.0,1632,527,2.671479716768693,INLAND,176603.73286879694
-114.7579959788854,35.53688563684755,49,5073,1619.0,1676,716,1.8207963594511833,INLAND,117767.97271140106
-122.1462471456623,34.33963157951053,24,6295,1927.0,5721,1325,3.6054921439722207,NEAR OCEAN,223684.7735468873
-114.71835626121434,39.73680822965931,21,5210,972.0,2183,661,2.750350287725192,NEAR BAY,284351.33507412503
-124.01781821641316,40.50386273298401,29,6179,1252.0,4218,1224,3.875614748937419,NEAR OCEAN,259962.3264882353
-114.76538277838915,34.79412750820317,44,7333,1678.0,4592,1629,3.524834431893605,<1H OCEAN,216882.65770454338
-114.49032634117474,38.71099717728627,37,6707,1969.0,3990,1709,7.176418920828306,INLAND,338781.615154703
-124.07707099723757,33.703074072161954,4,6451,,1796,1065,3.1339367681240677,INLAND,187091.8761717035
-116.41720317287717,35.058918488095934,24,7583,1300.0,3316,1318,2.202132322198901,NEAR BAY,253702.8926363659
-114.3039439597876,33.7894868149708,39,12075,2067.0,3346,1664,3.7835928050126792,INLAND,234739.91717941238
-114.95979736805866,35.13674312937283,12,8391,1853.0,4928,1441,3.853564282894424,NEAR OCEAN,283570.74816385226
-114.29875635579863,38.775049890348285,52,3251,969.0,2523,623,6.434244368226651,<1H OCEAN,333265.7599136126
-118.58670024188407,40.96604026472284,43,1640,492.0,811,341,5.082483706248745,NEAR BAY,341054.0293177636
-123.40280737316904,34.38345839369493,45,1526,257.0,769,312,4.098380831723204,<1H OCEAN,243879.32551307013
-115.53215018238863,37.54133502504169,5,13031,3227.0,5514,1601,6.742874387821342,NEAR BAY,416875.5971670651
-117.93895179074808,39.022937241563916,31,4559,805.0,2037,1054,2.0443024387407416,NEAR OCEAN,192787.13862175675
-117.92968520927946,41.362178956915756,28,5208,1389.0,2589,617,2.6172177086872304,INLAND,150876.51558511844
-119.9440131794414,38.17356249085071,33,3594,1099.0,1789,700,2.3003029378430813,<1H OCEAN,180264.80146148836
-118.36721183948468,34.87249445855464,45,2338,531.0,1064,593,2.92877892957401,NEAR OCEAN,217755.79633140605
-122.63348625332164,38.316946859299605,19,6959,1142.0,2944,1467,1.8785331512485828,INLAND,149715.92084137275
-116.65434572902527,35.48056780360555,28,4353,1082.0,4827,1148,4.645123344041778,NEAR OCEAN,281955.0304278157
-123.43482346501428,41.57799403343288,36,11898,2611.0,3540,1597,3.1581922348015494,<1H OCEAN,224877.2099778255
-116.75623617615332,36.21698805702182,40,3795,1092.0,2141,626,1.8006310152087994,INLAND,98081.33830090796
-115.54042008922649,38.87447780307743,41,4734,984.0,1783,913,2.2099931444291814,<1H OCEAN,152300.67907873713
-119.38081948884222,32.716016515824855,18,2207,659.0,668,324,4.019193382396266,<1H OCEAN,244240.84570029107
-118.9997302662181,36.220571449053224,52,11650,2290.0,7091,1751,5.089384783382211,<1H OCEAN,254596.9701374583
-121.0154144161948,40.638500803899355,1,8027,1419.0,1889,979,8.572238507645634,NEAR BAY,500000.0
-114.311522445999,38.175115233229185,26,8713,1761.0,1631,1049,12.951843195332987,NEAR OCEAN,500000.0
-116.72213035949264,36.62866884348258,32,5619,876.0,2404,814,4.205882938948709,ISLAND,324072.0076754923
-120.43631675633648,41.20421874475225,4,4364,863.0,2301,575,2.236043134405165,NEAR OCEAN,239488.1889862097
-122.41696466042335,40.44205469816923,24,12783,3352.0,4189,1713,1.3372017358299466,INLAND,96739.0707622238
-121.96028815953868,35.49660576655332,31,5605,976.0,1761,941,3.9372013673181674,INLAND,210185.1756691868
-119.46799268167749,37.56430013898446,32,8799,1486.0,5449,1253,2.4209899024039374,<1H OCEAN,156904.90887988504
-114.58580231679376,37.0553655816599,7,708,122.0,630,182,2.895301448577086,NEAR BAY,277510.5386155594
-116.71170727323863,38.379483251068216,15,4250,694.0,2313,583,2.6499915211396963,INLAND,190324.57750426175
-122.00451376857268,35.607234782716425,13,12214,3648.0,5411,1470,3.276068584176935,INLAND,215440.63633027053
-115.43247643912724,34.77110650712276,34,1048,325.0,941,267,5.638911801256515,<1H OCEAN,326397.4817012343
-120.34235466530126,40.987848067876484,18,2227,352.0,758,290,3.7459372600019996,NEAR BAY,288621.914473532
-115.5124337359243,41.09203284533611,30,12084,3374.0,3612,1480,3.2498678154087592,<1H OCEAN,204233.78490759426
-121.73466410059247,40.3429028375864,39,2955,814.0,2284,638,2.1901188488307253,<1H OCEAN,147190.69759757197
-117.88966175824956,41.597301206110416,42,3552,1135.0,2076,580,1.6427845113977544,<1H OCEAN,170664.77659422412
-114.74796102157093,39.4284211897511,10,8701,1820.0,4550,1069,2.8043209971442207,<1H OCEAN,228171.9801297688
-121.5694811066925,39.6114052256266,47,3711,737.0,1408,447,3.406883187736676,INLAND,165893.09665933065
-117.13214877602428,39.59208785525256,9,795,180.0,452,192,7.733553513026897,NEAR OCEAN,439175.3782162618
-114.12941127643714,36.96965096776345,2,666,197.0,371,127,3.701075801915,INLAND,216542.5365417747
-122.66389747012137,36.74500540898273,3,1769,484.0,830,253,5.431594731990796,ISLAND,384528.1325123811
-123.29829663485313,34.734104368185726,11,1779,409.0,1057,386,2.787979055951051,INLAND,183331.1020122341
-117.32320903706288,38.4968185075414,46,6605,1265.0,4891,1289,2.047818960573286,NEAR OCEAN,165852.0650665765
-120.73469333295989,35.19067726575171,11,2242,613.0,1981,620,2.260751899837841,<1H OCEAN,165193.23646838855
-123.47330633086078,34.8976182102319,37,1024,302.0,367,240,2.5184616806978504,INLAND,117005.3418440492
-119.35188269758724,37.94944077909331,22,909,198.0,454,144,9.09578736663583,<1H OCEAN,431055.5888939745
-116.51153906763166,36.312836210492904,3,6231,1643.0,3074,921,2.4118063615208083,INLAND,160103.06624689724
-121.29175151576507,34.535366461790076,24,10326,2251.0,6360,1531,5.090215368151524,NEAR BAY,337531.86114259093
-120.78252184944763,40.08932095580133,2,5093,1178.0,1860,689,2.3249133507747133,NEAR BAY,217514.4420988047
-115.57386611340088,40.50330024943769,25,1266,303.0,719,227,5.3079614604687775,INLAND,290951.3881758049
-118.89526649493283,34.059605533003364,30,2448,690.0,1447,503,4.150496371778447,NEAR OCEAN,272613.2771536866
-115.60413391817399,32.569815405039996,28,3428,1084.0,2914,958,3.252789533033115,,230985.52253115978
-119.64682718013417,35.62600870732317,15,1981,447.0,741,437,3.426902744307788,INLAND,199272.9670866098
-114.47965335208694,39.916850771830994,40,8924,1858.0,7232,1763,2.599568675057391,NEAR OCEAN,184378.178742647
-117.56189518487909,40.30431695597922,32,6156,1314.0,5805,1402,4.2662383507137775,<1H OCEAN,260306.71486616676
-123.01783157374366,33.78646035207926,14,2513,434.0,2156,698,2.844130604898471,<1H OCEAN,180611.97162931436
-115.17205152008663,39.701323881002374,23,7365,1477.0,5350,1718,2.010688913342974,INLAND,151206.0203350478
-119.20949505352587,33.576048755977695,6,4549,749.0,1110,666,1.9638917504926299,<1H OCEAN,156329.02177088836
-122.75528252667637,36.12758208845572,49,2360,,1148,355,3.7722233022339977,INLAND,217002.7268040972
-122.64256063481751,41.78706848961082,40,13871,2475.0,4655,1696,7.103524471988221,NEAR OCEAN,383863.5456599413
-117.18715386187931,34.29109465604746,15,12974,2710.0,6159,1732,3.7509015563279537,NEAR OCEAN,291526.1362409021
-123.7168004313592,33.93186131797192,36,4089,1165.0,1056,645,3.3088898925773167,<1H OCEAN,189053.04215071606
-121.2767435978791,36.43204309268518,36,4686,899.0,3985,1119,3.969427043793437,INLAND,197027.2327225615
-122.77416657720735,38.26291729151971,32,2598,660.0,958,411,6.282077788299066,INLAND,321108.7708860779
-119.7010102179037,41.175977276443255,3,4558,1382.0,4058,1197,3.8524993735897213,<1H OCEAN,286076.40683958365
-119.97359152565751,41.621636653457216,46,7232,1782.0,4245,1279,2.9010790271754683,INLAND,199577.32403261287
-118.87686036617367,33.14765792029997,50,7152,1308.0,2831,1312,5.7421282652414005,NEAR BAY,350920.80890479893
-121.34770944315419,33.783376911335516,51,6062,1265.0,2986,1075,4.2331246034438115,<1H OCEAN,286209.38285273546
-123.8731553883426,39.85386315723274,51,6379,1597.0,5108,1302,6.966341512720428,NEAR OCEAN,372074.0588882731
-117.93326171334111,35.016879016119,49,7289,1721.0,3426,1052,3.7903391354867297,INLAND,221915.89900479102
-120.38807637060002,40.72909625340915,39,11534,2022.0,2544,1497,2.011717702984353,INLAND,106771.9805952788
-117.55638301285153,38.670115292230506,3,3091,698.0,1172,421,1.8857551680706153,<1H OCEAN,186216.32871682066
-123.09159689779646,33.5401566621403,25,6187,,2241,932,7.336908506509143,NEAR BAY,379341.2173336858
-124.0594709760007,40.24252234979326,13,5071,991.0,2752,819,7.581033790702228,INLAND,353456.82594147173
-121.66739867157001,34.14011433407511,12,3714,,3335,1016,3.2194687260149504,INLAND,207451.2528484855
-119.54321730546067,36.43850717052078,44,2547,412.0,548,358,2.937520051497862,INLAND,133889.74856229816
-120.18046586348163,37.63531983560177,43,4133,856.0,2166,664,6.73723721078278,ISLAND,449133.803901028
-115.93491393621065,37.157125186446585,28,8358,2396.0,6253,1722,2.1208764924591255,INLAND,161025.34946196762
-120.3460560292332,38.8813151152209,39,1521,295.0,1104,296,2.333508295752261,INLAND,130426.98398907455
-118.7894999680486,38.56998663428407,7,9707,2455.0,1984,1187,4.662244840666796,NEAR BAY,310278.3653274989
-118.14614095708964,41.72599065141091,12,8185,,2942,1236,2.922465749520942,INLAND,173337.2693152206
-123.97731980521273,41.79462375578495,45,5392,1099.0,2496,917,3.4823075390500717,INLAND,164093.23329886675
-118.94563955616887,37.30307244451146,24,1162,,356,176,3.2428439127790893,ISLAND,302571.5325023557
-120.68272115413185,33.385351508736036,29,986,205.0,481,177,4.0629468967498505,NEAR OCEAN,273441.8540359196
-119.9029426976308,39.268942680409076,25,3411,649.0,995,583,6.575606634375759,INLAND,322187.24581255525
-123.17706853534845,41.582975927414275,11,1446,440.0,534,292,3.6355601861927322,NEAR BAY,325353.7903443916
-116.21523023038382,35.46043540494989,43,1584,438.0,956,278,4.663528996752903,INLAND,220671.9300108215
-114.58747664175307,36.78924263828944,40,2695,717.0,880,389,1.3873876002608334,INLAND,133573.2423338272
-123.97285802957808,36.450425400783736,36,1628,258.0,1568,440,3.414655874500913,NEAR OCEAN,215367.0442938597
-118.06599781932425,32.978198137379444,19,11422,1968.0,2505,1528,2.388215366327819,NEAR BAY,230928.92949442402
-116.40879051365874,38.752059210378036,34,5863,,3736,1193,2.0168444223602275,<1H OCEAN,189118.8901357352
-121.29496259577112,35.78604056413675,50,1182,219.0,451,171,2.350978054279457,<1H OCEAN,191562.29278156353
-116.16693303439519,39.82341403407297,34,7889,1486.0,4478,1175,3.003098087640269,INLAND,163664.18803378587
-117.74997848218372,40.23871670012247,26,2360,667.0,1317,349,5.270662910231597,<1H OCEAN,316534.445791368
-114.72254115083508,40.13744631535996,15,5409,1074.0,2141,827,1.921532946310754,NEAR BAY,221941.50266932888
-114.19375092419152,36.37499378177088,28,1518,246.0,605,183,3.538787561282807,INLAND,187310.4764662449
-123.76806963721322,35.49037484484037,20,1637,,585,271,2.8070209336178022,<1H OCEAN,218361.7277663534
-119.66163483752455,39.46403325090361,32,2449,552.0,1089,342,3.0118277112973155,INLAND,217834.08383169182
-118.62072456670218,39.95292173473732,3,5959,1519.0,1472,848,5.480744894562816,NEAR OCEAN,358390.40086807875
-122.70321902128195,37.0686942514397,10,4199,1250.0,2476,897,4.446654193038896,<1H OCEAN,292585.67282625905
-120.76988452964092,40.805188481687615,41,3501,591.0,1445,712,6.371463221763138,INLAND,325711.01981266803
-114.12599603288409,33.838350873530594,20,6525,1197.0,4716,1161,3.2559120768053846,<1H OCEAN,189445.84525665792
-124.0344493453068,40.67533965082833,23,6502,1561.0,3711,1330,2.5518684714354825,INLAND,172113.64328403492
-119.58441909845128,33.3936856666385,29,7169,1519.0,4319,1344,3.15586785921641,<1H OCEAN,189610.9798658031
-115.6049228584744,33.92778735510791,23,5957,,2779,1092,3.892780002834805,INLAND,204279.3604830124
-120.89620712026326,37.46471212344783,40,6754,2074.0,2421,1036,3.7789946600380087,INLAND,251742.43668893192
-119.30605527189743,33.12792186574296,13,4346,1054.0,1974,945,2.1426114043373787,NEAR BAY,217014.66196001726
-114.2239333929626,32.99110604302103,40,3904,861.0,2151,519,3.635404564377284,<1H OCEAN,208962.98730507868
-119.35625626794783,32.50482432074106,11,5335,1698.0,3582,938,3.8678652836636385,INLAND,251109.74122860483
-122.86460261610571,36.55774493515665,20,956,154.0,257,136,10.835885059553721,<1H OCEAN,500000.0
-123.67244078500282,39.70400209601773,31,6810,2101.0,6389,1743,8.122029611344285,INLAND,379984.6033600974
-114.55675096111253,32.82399665760322,47,4335,1020.0,2011,741,2.3774785474652296,NEAR BAY,239332.29885722147
-121.48874398459434,38.56599574013245,13,5061,1193.0,2147,1390,3.066931306627003,INLAND,190644.7688804172
-119.05854815304158,40.15508405197053,31,11881,3644.0,5237,1727,1.8066080817343153,INLAND,89110.80739493106
-123.27484198588232,34.0624078917742,4,4978,1176.0,1791,954,2.6756219117936886,<1H OCEAN,221587.88142475518
-119.87871777038383,33.865832733839056,4,12922,,3305,1567,4.022977304904928,NEAR BAY,298546.33151893725
-114.71292370364874,40.50544905467098,40,4737,930.0,3255,925,6.005250256790435,NEAR OCEAN,380937.09497539396
-119.07538746496444,40.15505887253588,38,2161,566.0,768,342,2.514093429134199,NEAR OCEAN,186249.6242280513
-114.29442145161626,37.51215842625694,20,785,194.0,670,164,2.6003189276082863,NEAR BAY,261691.59235524433
-121.55987650017853,40.11855887743401,33,2290,427.0,1182,347,1.3280609374262098,NEAR OCEAN,194469.61411631224
-119.05363855501984,33.3626315200478,20,9937,2689.0,6665,1703,3.243977939258284,<1H OCEAN,202975.3793011818
-115.43278592354488,36.168678116830414,15,4914,1275.0,3015,918,2.1639029547373503,NEAR OCEAN,195990.02462153026
-119.62782598355182,39.36151727178927,23,2964,645.0,2637,656,2.7504162330154722,NEAR BAY,250805.86309197222
-121.34922878958407,34.89430322171286,17,3526,532.0,2215,869,2.3523448750239915,NEAR OCEAN,187329.53244226164
-115.47415129313761,39.496658904232035,43,2251,509.0,1698,549,3.3453852223656986,NEAR OCEAN,238072.96311363945
-120.22312741749938,37.188861020834565,22,13439,2030.0,4740,1582,1.582525872271872,NEAR BAY,188292.92002278083
-118.78662243118562,39.47747368791857,17,10005,1628.0,7414,1799,1.8036811133398065,NEAR OCEAN,178368.0526136245
-114.23942392256552,36.82152063207317,28,920,205.0,518,262,9.098969819014457,NEAR BAY,500000.0
-122.29787039349019,35.921510364062904,40,10967,1798.0,4215,1327,1.9555272270330624,<1H OCEAN,157071.2319936956
-121.1257135054541,34.53845971325128,15,2459,484.0,2519,683,2.1306913184085796,<1H OCEAN,182808.29306190924
-123.88309007928764,34.437927875345636,49,1113,291.0,512,199,7.97738838418255,<1H OCEAN,388727.3061901611
-120.20325535891746,39.48886453831398,25,11829,2395.0,6703,1669,12.90068261885834,<1H OCEAN,500000.0
-122.15812900803444,33.60586623671583,35,1800,575.0,576,223,2.060183418672988,NEAR OCEAN,180350.1890412944
-117.26364365883951,33.29963585603179,50,3285,1004.0,931,465,2.9573333571854983,<1H OCEAN,189978.57525336763
-122.35052112058831,34.13950969470581,23,943,235.0,517,162,4.070231990379199,INLAND,215206.20877715416
-117.31690992546012,34.13072255652148,11,7627,2398.0,2478,911,7.598219473049142,NEAR BAY,460725.8296360424
-121.51255063246896,40.154900892104166,39,4166,1240.0,1740,1127,2.238742478516741,INLAND,96237.66387817361
-120.57677809196376,36.20611159831017,1,5550,1133.0,1120,658,3.125595950998259,INLAND,183124.305987021
-120.64162134912675,41.710612653452486,24,1859,516.0,496,240,4.9520513715493255,<1H OCEAN,285247.817602406
-116.88913214833119,33.776064697452696,51,2566,445.0,1175,315,4.244587888860092,<1H OCEAN,224732.04203041998
-119.4416055159889,38.57792037895088,22,8058,2146.0,6899,1688,2.9468292681163684,NEAR BAY,288238.383601492
-120.51475123170263,36.67318441697163,36,6205,1449.0,4540,1473,3.286357031309713,INLAND,184360.8177896818
-115.50324826579761,36.15413904328279,28,11547,1765.0,3060,1694,1.8800472062489604,NEAR OCEAN,184127.6852616521
-118.36610361845973,40.63828305120296,12,6146,1208.0,3083,1011,3.1356039881062365,NEAR BAY,254081.06121725633
-122.01892562296443,41.57303950620411,17,6342,1981.0,4129,1037,3.09604543032056,<1H OCEAN,217920.9929048854
-115.01906896293444,40.61758831659986,28,11697,2383.0,5290,1440,3.874731810946327,ISLAND,300887.9063807829
-120.70496698045687,34.28839631502674,6,7623,1379.0,2708,1155,2.7185611504299465,INLAND,175673.77648787104
-123.80241034911934,34.55342066724309,22,4312,784.0,1586,853,4.315409990258214,INLAND,214696.02573314263
-119.15507771546058,38.60148707558409,22,3355,777.0,2508,610,5.505359751637128,INLAND,279844.8271193676
-122.93583184470305,35.18847730923518,44,3897,1143.0,3718,935,3.7432087474229565,INLAND,139036.68636680674
-121.76764227409943,39.33294371625939,7,1013,282.0,376,227,4.088958874668703,NEAR BAY,282542.19894188445
-116.5794690985884,37.767712052529696,44,1868,419.0,1723,443,3.574838164357204,INLAND,224513.51020683223
-122.86633150356155,37.623451546960744,22,10255,1902.0,2420,1358,3.4904755123533606,INLAND,220699.1197483146
-115.96916891158884,40.205486401000705,34,11084,1749.0,2657,1578,2.5226221213686064,INLAND,183488.03382353182
-114.64354566106427,39.1079547772069,29,1790,409.0,1077,291,4.024587486342176,INLAND,251400.2636288026
-118.01337257583897,32.74717321447481,16,1515,437.0,862,282,3.3408358518131873,<1H OCEAN,244693.81653193684
-116.95433624136714,32.959969975457945,49,1800,493.0,711,263,8.952436581863383,INLAND,403036.35667454195
-116.92141657894435,38.094493607840946,12,10961,,5972,1449,7.085211369753939,<1H OCEAN,365222.1057655561
-114.07335883584146,37.02158630328716,2,5076,1275.0,2526,642,4.152169416627262,INLAND,268766.2414236881
-120.71630972554345,34.91971729468982,40,4165,934.0,1114,668,2.4759502349180726,INLAND,148774.97327746905
-122.53886317732444,36.393501612027656,33,1064,264.0,460,140,2.1157615901935714,INLAND,194074.51156491388
-118.90449420387392,39.5485659642156,47,10617,,6555,1753,5.9656279885284,NEAR OCEAN,330909.12206994544
-118.76085193971657,40.18748680731875,24,4986,1325.0,2629,849,3.9284193789028645,INLAND,264070.21857387136
-122.38529261937933,37.71937453137741,1,11420,2699.0,6348,1459,4.332152499426723,NEAR BAY,318994.19378992
-117.94628392625978,36.083936171971054,2,7105,2202.0,4564,1308,1.5919127901443277,INLAND,165589.4549230119
-124.0559277185364,35.01747988190449,23,1962,437.0,645,358,5.29809497201143,ISLAND,430893.89878082654
-114.73778229496693,37.353841778154056,13,7366,1125.0,3042,1466,4.282295305590378,INLAND,217178.5544866395
-121.50134236622313,35.42717145264874,48,6362,1210.0,4068,1044,2.1176483243585706,NEAR BAY,187886.27382236999
-123.79648587442004,37.74608477453917,7,7065,1661.0,4983,1135,2.8230386397273675,<1H OCEAN,189559.10067748322
-123.09585569695646,38.79286715733963,46,3102,750.0,814,456,3.930130934372605,INLAND,176176.77601371027
-121.74946072754766,33.114536661550375,12,8716,2126.0,2762,1542,3.5737306825251345,INLAND,226939.2262281295
-121.40615708021834,32.50992742471155,7,7733,2099.0,6258,1685,3.0603306521610105,<1H OCEAN,218761.43487503496
-123.86533800512316,34.47417739121891,15,6283,1236.0,1353,802,3.33152540728145,INLAND,200678.49253919403
-121.35058091562396,40.81895692878466,8,1438,378.0,467,275,3.1161871270224144,INLAND,207773.35943932683
-122.23199428776648,38.5105040980256,21,12537,3381.0,6300,1545,3.7383828708475733,NEAR BAY,241942.18340015502
-120.33806654016792,34.09923127301431,18,7304,1606.0,6152,1610,6.76776830516101,INLAND,371441.88690777466
-120.27128907896912,40.77945484495965,28,6111,1334.0,3935,970,1.099662925609869,<1H OCEAN,119256.67711879639
-120.74212104585064,36.87059024467226,28,6752,1218.0,3698,1092,3.137472002683638,NEAR OCEAN,245119.0541561835
-120.85517638798682,36.92765333711154,1,3776,832.0,1203,494,3.7788910350516876,NEAR OCEAN,291639.8187744274
-123.28474096703924,41.20054007773669,7,977,277.0,962,233,3.9876309008008697,INLAND,263758.81873120484
-123.94290953931315,33.05322623730506,9,13733,4182.0,4037,1706,2.9524591651879932,NEAR OCEAN,235041.56501888594
-122.13843413840404,34.50115795404708,11,5732,1438.0,2140,931,1.5832428777187697,NEAR OCEAN,129802.53930620091
-116.48217584035052,37.947673323938915,5,3736,751.0,2365,581,4.045470934827733,INLAND,237273.7143721967
-114.09374039137856,34.318024539112635,17,7769,2066.0,4461,1284,7.593613737704869,<1H OCEAN,411798.0347213213
-114.72903301441525,38.81960118564331,29,604,167.0,672,164,1.750256533542417,NEAR OCEAN,150172.77464855878
-119.05696257351477,34.491058290831496,17,1520,314.0,496,254,5.148588534622155,<1H OCEAN,307883.00350608805
-118.77539667106507,33.42215982656897,18,2539,738.0,2246,527,3.0106730234414822,INLAND,175744.84298583755
-120.9912679958344,34.42496198465981,25,4572,743.0,2874,877,3.3953404791006996,INLAND,164770.95928873165
-116.3058177258959,36.43142651873018,29,4965,754.0,2530,736,2.1731889916571854,NEAR OCEAN,207168.09023481532
-116.39948178308698,34.13808618230964,18,2599,,1801,434,3.002648469692926,<1H OCEAN,200745.55725645358
-115.58842195265906,33.75263583178713,12,2816,497.0,1849,710,6.265259872994254,NEAR BAY,387294.1927268061
-115.06585331259178,40.500621541836146,22,2628,787.0,2439,680,4.536677241191709,INLAND,234901.13064244884
-119.76963766810198,35.47969399345496,2,4433,985.0,3360,1001,7.610586377358361,<1H OCEAN,446060.6355907265
-116.37786920530658,35.85505578461976,26,4744,933.0,4030,1065,5.928880148342429,INLAND,300471.894509594
-115.97473296628203,33.014014808361416,49,10486,2338.0,6574,1603,4.252848550163333,INLAND,217888.93497941387
-121.05371185052294,35.8235374985691,21,6474,1406.0,5121,1475,7.65049641647432,NEAR OCEAN,416836.2179410343
-114.72172911113726,34.96270674909069,6,4832,972.0,1036,611,4.2526695766848785,INLAND,254658.0591326277
-123.23771667307551,38.17751112627863,37,7442,1291.0,3323,1636,5.066218491054097,INLAND,289065.4917386375
-114.05845437253451,34.41012976835338,7,3932,1028.0,4241,994,3.0542775116086527,INLAND,207930.45428975305
-116.34507467477954,40.76179871348442,11,3427,594.0,1874,435,3.5964441353209655,<1H OCEAN,258998.59379418223
-123.24863676569187,41.14589957455186,8,3439,969.0,2975,691,2.5501681024192027,INLAND,185150.35503694645
-117.50645758932899,33.42842883174415,46,7687,1417.0,2195,1366,5.448349782201324,NEAR OCEAN,286485.1100562988
-123.85137000853175,33.498847493483765,52,12443,3414.0,3914,1500,2.0539471268013845,ISLAND,216615.04619657798
-116.34409311566934,33.57253587443219,30,6150,1765.0,2770,748,4.963234544428308,NEAR OCEAN,303541.14081320906
-116.04792619907764,38.2619940836859,33,2717,465.0,1414,384,3.203381671384878,NEAR BAY,237697.15722082072
-118.05541541846723,33.63431136714949,34,1699,280.0,773,442,5.912455291276296,NEAR BAY,343038.7706642165
-115.46002400245098,40.42715555675147,32,1895,590.0,957,293,4.893418039676698,INLAND,210963.51562639812
-123.20159054180843,39.5147250889224,29,10920,2498.0,2475,1293,7.919204595652474,NEAR OCEAN,402086.42111531866
-121.38557681118371,40.12422238161362,52,7946,2043.0,2828,965,4.849369085445511,<1H OCEAN,263273.4137698317
-119.97538927975476,37.39236290003999,39,3534,544.0,1925,877,1.720443118974743,<1H OCEAN,144611.80456010485
-123.7669288811534,41.76909806712813,5,6839,1350.0,2064,1248,3.386751059094807,NEAR BAY,262053.30763097867
-119.62819590677411,32.9108284573807,21,7677,1811.0,2619,1512,2.0597750201798486,INLAND,143975.83073926784
-121.49482274765182,36.23176416693085,51,6040,1816.0,6030,1456,2.7642630486585555,<1H OCEAN,172270.8743027667
-120.19410287656213,35.512611021120016,21,2441,479.0,1281,350,6.8898739827007525,,370107.8997830301
-119.86395315367848,41.32240313802756,11,5405,1523.0,4665,1110,4.650106929396279,<1H OCEAN,283737.0984620725
-115.23000031842561,37.86480691402761,46,8369,2198.0,4586,1602,2.5484397448489085,INLAND,162450.0795558936
-121.44252210061808,39.99757597863594,33,5612,952.0,3832,1420,2.2118453897926895,NEAR OCEAN,195421.42290407087
-115.08382008709403,34.08417310102423,30,4031,806.0,1709,673,3.542213951881621,<1H OCEAN,196325.3520764148
-119.85509615890894,41.60129753827408,22,3343,637.0,2561,779,2.0188901561592316,NEAR BAY,209708.24851673268
-120.85636124892135,37.13734778594973,7,9142,2059.0,4069,1615,2.580509539003339,INLAND,144712.04635358052
-119.07437709678152,37.091150309317,20,738,190.0,641,175,4.016473433215025,<1H OCEAN,252505.10491604186
-119.93901847909903,41.52922797547536,23,8286,1853.0,3831,1002,5.8702100464929705,INLAND,283760.8131563989
-121.5748024068375,36.04081095931945,49,1331,255.0,1273,315,4.590287519391805,INLAND,239027.2255846064
-119.07267088708012,36.196982728361434,16,9910,2659.0,3575,1622,1.244731347051535,NEAR BAY,152304.56681444185
-122.65162232259593,37.93820013608591,8,830,207.0,560,185,4.002683567564346,NEAR BAY,304550.8518191296
-120.61031458116575,33.69088927809442,23,617,,342,159,3.6053364963735532,NEAR OCEAN,268939.6912466427
-118.42893976238427,35.48609632563025,52,3032,741.0,1081,672,4.204900489822186,INLAND,232980.5186666387
-119.98323590722345,34.29683739873971,26,1721,323.0,1620,456,7.2231731928180825,NEAR BAY,410197.41566702235
-115.79609391728188,33.46053635569556,20,3996,1062.0,2944,952,1.3792540029582065,<1H OCEAN,144636.9404850097
-121.58143803234131,40.55514483887848,35,3718,803.0,2242,623,2.675144663406929,INLAND,163141.45624005722
-114.30832989592369,37.98077984498553,34,4853,1028.0,1259,718,4.553553172583057,NEAR BAY,346033.1376779721
-116.19583538731622,35.83565696120957,16,4208,,4690,1069,1.7130621845767833,NEAR OCEAN,146778.02035497176
-114.33055113482578,36.30062520951043,51,6053,1522.0,4651,1061,6.781355929942548,<1H OCEAN,330011.5905209529
-115.6510071407309,36.5131267342924,31,10827,2733.0,4814,1690,4.119618144594821,NEAR OCEAN,336676.5994059123
-122.75053995631325,38.388287393945795,3,4330,900.0,3719,927,5.1087910629344195,,305637.9871122582
-118.83010707552286,41.118955340847634,22,5720,1694.0,2354,1067,2.6995237061385366,INLAND,124887.13803004322
-122.46621908380298,41.174850462809935,48,4855,1426.0,4578,1258,5.033893097961692,INLAND,236124.85681738326
-115.85408100320197,36.14087540963517,21,1895,319.0,1668,412,5.645237109619554,<1H OCEAN,259065.87451034097
-118.24154607833039,35.562140874259256,30,7234,1940.0,4790,1240,3.87596672481154,<1H OCEAN,248131.7788285762
-121.51281699355957,36.69473245172287,32,13253,2875.0,6043,1568,3.8786238066654635,NEAR OCEAN,280027.2493663485
-114.71809048552686,37.78178834298498,37,5547,1775.0,1859,654,3.9418669555913173,NEAR BAY,261840.177482954
-123.02510225619454,36.79490657648266,46,3519,662.0,1625,419,2.3666953874961503,NEAR BAY,199974.55606305363
-118.4486034845926,38.62640671129532,8,3936,778.0,2456,701,3.2661505639265145,INLAND,222522.3692583986
-116.84538634239941,37.655910917431804,27,2272,512.0,1097,582,3.258819001929479,<1H OCEAN,178365.4423895785
-123.5997449192092,35.48265458425491,28,5645,1105.0,2020,1103,4.147589155106472,<1H OCEAN,224902.60663388227
-118.10186846129672,35.71529649359248,8,7366,1971.0,5873,1571,5.473514480421521,NEAR BAY,360740.9589982442
-115.87780760227643,36.0209129243055,36,4006,,3718,1122,2.1676828004330218,INLAND,119638.97635645009
-123.51122139293585,33.38014984471931,7,1312,246.0,992,330,3.2994174954332878,INLAND,196566.59616630556
-118.9751216947124,34.04438248144995,24,3736,882.0,2677,648,6.798180456478542,INLAND,310157.3218257488
-121.56271678288286,39.22495835995209,18,6643,2000.0,4362,1278,2.497737437356573,,197434.18254517074
-117.43817059432341,36.118599417155345,9,2967,845.0,1785,674,2.4108695516011123,NEAR OCEAN,211274.16020810697
-122.98949085579578,34.49521244480933,43,7824,1837.0,2984,1105,3.823008913754509,INLAND,214547.75574504913
-114.64207540716083,37.732853418346174,13,6792,1352.0,4183,1285,5.10373862919832,NEAR OCEAN,329816.21093737613
-115.07376846650973,39.52651774500287,14,5222,943.0,2493,673,3.5083355579750863,,242303.96510236216
-122.30306091726777,34.89402796981195,45,5679,1700.0,3786,1207,6.347317392033653,INLAND,273372.26131122076
-120.90268797947593,40.18914590189082,46,4879,1321.0,2345,788,5.132317400415516,NEAR BAY,338286.93650528375
-118.20612325853897,41.12579519451296,2,1530,378.0,1248,346,5.097850753884052,NEAR BAY,346499.80442162807
-116.87576416633064,38.055769120386714,15,4452,1333.0,2641,745,4.478787782709911,INLAND,243827.32579787503
-119.68490864536537,38.721213228621686,37,3666,626.0,3361,860,9.948719954997618,NEAR BAY,500000.0
-122.60582851599806,32.988956710004416,41,534,142.0,208,124,3.182532425260106,NEAR OCEAN,209769.34406103587
-123.13765476321072,41.29333498650373,52,10622,1985.0,5973,1619,1.4168200635652795,INLAND,126083.68222429875
-114.00239356347369,36.15010802866398,29,4848,827.0,3008,1006,7.184417630147997,INLAND,385418.47235179704
-119.55540836127643,41.092273725072495,1,785,180.0,309,180,2.8406566949778242,<1H OCEAN,235271.62324844918
-115.30017615868532,37.884490980177254,46,12859,2776.0,5474,1578,3.663966119670694,INLAND,170732.29837851846
-119.27976475278304,32.542954829242944,9,5781,1792.0,5567,1556,6.292118435375317,NEAR OCEAN,327434.22963634384
-114.79195208683076,32.858440593707954,7,886,182.0,423,140,1.6972057232692195,NEAR OCEAN,210845.84340528585
-123.30485429573018,38.82789489273027,36,2459,710.0,1498,394,1.9872638714134074,<1H OCEAN,161926.93900997794
-123.03700424838759,37.73281252863698,32,3474,963.0,1733,731,1.697955581592684,<1H OCEAN,132674.5925979991
-114.71775168521292,32.74675166601649,4,5602,1476.0,2027,972,2.4415636384511314,<1H OCEAN,226237.6067213264
-114.5355709405432,39.414177639368184,9,5274,1616.0,3370,1339,4.2539011208737065,NEAR OCEAN,272297.992816506
-120.9898820358533,40.42495163474339,31,5912,1297.0,2237,832,4.41887230651964,NEAR BAY,296987.0659345132
-120.57731815266251,37.11668258668556,14,5286,1143.0,4035,1147,3.95240154680832,NEAR BAY,310273.3433452403
-119.58500760468547,36.83154419532247,36,612,109.0,541,137,1.8482797696205786,INLAND,97914.88519692211
-119.95515086331363,32.55089991216204,22,6221,1225.0,4402,1226,1.2342376024634623,NEAR BAY,176319.91838250286
-122.26153879721211,39.81584232619047,31,13276,3977.0,3322,1657,3.576766261950332,INLAND,224424.33823192125
-115.03657108381837,35.57565942073878,25,7512,1733.0,2572,1004,2.8227195082101937,NEAR BAY,248459.76644811413
-121.61626247280243,40.67250166397761,19,7279,1514.0,1732,884,4.291874557420463,NEAR BAY,337899.5371586041
-117.00622142332796,35.969463464289895,18,4184,781.0,2161,619,4.786881386259646,INLAND,284721.8724570431
-123.51501208710327,37.75522456886556,37,11742,2729.0,3825,1723,3.7143683783436017,INLAND,201431.4535821285
-123.80473641841002,35.014178630253745,27,1033,281.0,529,175,4.913860514748903,<1H OCEAN,234387.08996323397
-117.53194917971541,33.99347130703974,31,4824,959.0,2282,601,3.869576688923194,NEAR OCEAN,236239.4581448221
-120.74203825275275,39.70664350144635,31,2137,596.0,1216,353,4.4305738704107265,<1H OCEAN,282790.78714209376
-117.51431419425599,37.118291453270416,11,8309,2136.0,3725,1575,2.5418623771543176,NEAR OCEAN,183252.43717391975
-123.24098373787793,37.48933769089593,48,6233,1769.0,2293,930,3.2193351522333677,<1H OCEAN,195798.1468563016
-114.51151592485819,41.478368367380135,30,10399,2003.0,5666,1669,3.8135070201774566,<1H OCEAN,247752.34896230092
-116.56515243769043,41.46129318366603,38,5097,1311.0,3827,1237,5.049240388920712,INLAND,290468.2223371846
-115.26207422313685,40.45747173183235,46,5764,1015.0,1877,1055,2.9236021601752893,<1H OCEAN,178965.83770891064
-122.80800034874599,34.24476642271481,49,5011,1062.0,3990,989,4.4128699719529365,INLAND,207990.32151311135
-120.93435811729273,38.02673605700469,35,3558,972.0,1374,460,3.0968099821073585,NEAR OCEAN,225409.76661911255
-120.4428895250953,40.66677104929649,41,5739,1477.0,3057,1064,3.31052247611876,<1H OCEAN,219762.94230262027
-118.72083898706646,35.98251460897512,25,9669,1759.0,2638,1271,5.06970975743833,INLAND,262430.1327822997
-121.17194144782438,33.44028734320094,39,9945,2943.0,4515,1741,1.4235059862424386,NEAR OCEAN,177870.42344655606
-123.58156642966807,40.04195499083127,17,7573,1205.0,2569,1042,1.9475797587761874,INLAND,121668.04170894499
-120.4374405164778,36.980401027668194,38,7087,1780.0,3878,1697,1.7914342771399316,INLAND,122603.94110759512
-121.60359699080172,37.74885192734036,5,13858,4396.0,5366,1706,1.221247339745971,INLAND,127582.28060501222
-120.2636028270752,41.63394195575595,48,5885,1414.0,2832,997,2.572249999116144,INLAND,136929.14533504334
-122.19101266527574,38.14706630359487,13,4113,1177.0,3495,857,4.890258939156069,INLAND,285554.20398543414
-121.5286569794397,36.452308286694745,35,1690,424.0,1519,359,3.070382572018591,NEAR OCEAN,228932.1144733549
-117.80508612759085,35.94085462097894,1,2755,780.0,1220,571,3.815247495231916,NEAR BAY,319033.8462022428
-120.24083088730374,36.38385942168262,9,8512,2225.0,2857,1596,5.698185971191506,NEAR BAY,379238.20527516643
-120.67708938967118,33.601111473561616,52,2495,667.0,1330,352,6.343678209953568,NEAR OCEAN,360591.78996225615
-118.7541625462318,39.89118019328342,44,6491,1225.0,3451,787,3.3834230353286223,INLAND,168258.75707626695
-116.32702248339196,40.29076678113948,12,8851,2444.0,5178,1293,6.4180456168580555,INLAND,316550.1666886402
-120.33554684525083,35.1448933515327,7,3268,622.0,822,524,3.6380833700887436,<1H OCEAN,275710.6205820891
-118.20730117593043,35.32530855121248,43,10085,3194.0,3914,1756,2.3944912803893286,<1H OCEAN,186535.37400031945
-114.3447332212446,40.63130858391376,52,9253,1746.0,1969,1211,2.6711787155979425,NEAR BAY,196161.30723199833
-118.87580283599588,32.722924306409986,9,1294,246.0,648,167,1.7927640114092576,INLAND,142905.94724624994
-114.92006471952105,37.34025422703522,35,2656,786.0,1705,535,2.3404419190174726,<1H OCEAN,120251.71136741905
-116.10453923258444,36.81218414653796,15,11268,2156.0,4075,1363,2.9709818587908003,<1H OCEAN,201130.61430412706
-123.60106944716847,38.918178957079675,39,8597,1817.0,4879,1570,5.0108885703430355,NEAR BAY,348510.95651666535
-119.82319151101358,34.019542811389925,22,12578,3415.0,3743,1677,7.5711609982963735,INLAND,370110.413388091
-117.0771522397404,38.71547588939493,7,12910,2285.0,5026,1549,1.8738934366408568,INLAND,146165.51574123473
-114.13553849302836,36.00362627323635,17,1719,304.0,389,245,4.165233600984532,NEAR OCEAN,213813.0425713855
-119.52456183015258,38.25404743697767,29,5794,1348.0,4537,1345,2.185304607677434,<1H OCEAN,163210.96030532074
-123.25358836790726,32.872883591816816,42,1961,375.0,1107,305,4.321548079538717,NEAR OCEAN,281285.28048865194
-118.46750641792875,36.79406293381594,2,1015,193.0,856,248,3.290406150607158,INLAND,216898.72545966244
-122.90904932033561,37.35693331403606,50,9545,1447.0,3158,1282,1.531262224105913,NEAR OCEAN,173247.19477313873
-116.53450048515019,34.493235546551375,34,4529,965.0,3596,923,5.300142177840029,<1H OCEAN,294970.0431784924
-119.02169462588986,33.798499983865824,46,8427,1720.0,4319,1208,2.658467101993989,NEAR BAY,219245.5345933921
-116.82100004255167,34.252811018014405,49,12478,1938.0,2902,1550,2.7449006815765573,<1H OCEAN,152097.12774978857
-115.33250936583906,35.700512025989134,8,1035,265.0,485,235,2.156769315821065,NEAR BAY,221980.31586350116
-117.78473022493968,33.40033438853624,5,5497,1410.0,3368,1006,2.600158814054394,INLAND,146240.44375513517
-117.95311884161755,41.31007410028532,41,10245,1660.0,3558,1521,4.231475280430716,NEAR OCEAN,227870.94902256544
-116.50338298651576,36.2664447719111,10,4809,981.0,1586,859,3.205410125878695,NEAR BAY,244468.09977436188
-115.6069589851828,40.02341730331276,8,4370,1304.0,1947,999,4.046684488484387,,298760.5013958356
-115.33565137997458,41.56207924491227,25,3485,868.0,1893,956,4.107706461852372,NEAR BAY,291350.76376299426
-123.82841200403459,33.250838104025476,48,9096,2001.0,4744,1644,6.323657410630067,NEAR BAY,380750.7905960002
-118.52685897266255,38.56052605179544,42,1369,314.0,662,203,2.9914141399861753,NEAR BAY,227828.9801018641
-121.99405304006498,40.60410450669329,27,10160,1884.0,3208,1595,1.7957342341862743,NEAR OCEAN,135988.1643884299
-115.42447191402582,38.39838023589057,11,6383,,5317,1491,5.642064741630801,INLAND,320647.3210218769
-117.58634361092572,36.48994292862394,18,8544,2609.0,3438,1485,3.0066614866348997,<1H OCEAN,163919.22522198726
-119.91373071386913,36.50901012603283,36,4342,1323.0,1952,812,5.763624902166998,NEAR BAY,347212.01432480576
-122.28133687316222,32.833859639868436,9,4803,903.0,2118,986,4.147557890585434,NEAR BAY,308391.28914503683
-120.74195901561777,37.47178698699026,28,5281,1071.0,2791,739,3.2903308150475854,NEAR OCEAN,244595.15603088526
-117.02146751568971,41.73994987011768,1,2736,485.0,2322,542,4.0834783105662975,INLAND,223447.2881396205
-122.11553263884129,41.41597999153898,17,9859,1994.0,4656,1590,8.397681468178037,NEAR OCEAN,418679.50755321316
-123.2454539575486,32.87571282823212,13,7873,,1573,970,8.887459499264455,NEAR BAY,487698.153245392
-115.14210666607897,39.063912133754236,36,8272,,3011,1335,3.601035744218388,NEAR BAY,251922.06754192009
-116.4050544342828,35.30641326028145,48,1903,347.0,566,289,3.7512374304085,NEAR OCEAN,227870.82168859016
-122.16209170728705,40.89779912667707,8,5587,1711.0,5699,1445,5.665006664196075,<1H OCEAN,354341.62747101
-121.21842225701408,32.91956713509629,42,5383,902.0,2141,1226,2.385604461616169,<1H OCEAN,144282.52349067884
-114.28488419326497,41.203629148703044,35,7189,1087.0,7723,1795,4.054720134007722,INLAND,223770.76894040196
-116.976518235057,40.28852441722632,51,2527,746.0,1106,345,3.449956831722437,INLAND,184689.0187883544
-117.97267555701899,33.59279075494919,48,7887,2127.0,3082,1027,4.019906707032929,NEAR OCEAN,279026.5484772314
-121.06218944867388,33.05636633705088,6,4335,912.0,3870,978,2.3988370018006826,NEAR OCEAN,213089.12102567925
-121.14892352950147,40.2627812782405,39,4707,1183.0,1618,1024,1.706926914991721,NEAR OCEAN,183836.94267519613
-123.79685908935966,33.94854634006359,31,1079,203.0,792,211,1.373218773423626,NEAR OCEAN,152864.12530762804
-116.7694849576003,37.47455282267559,6,5900,1054.0,1680,914,2.1110324680386916,<1H OCEAN,194054.39176907545
-123.75961270441978,41.016427178272,14,4117,947.0,2454,623,2.8394095390654024,INLAND,144887.55563406038
-124.15045515467176,37.77726745600871,49,8022,1685.0,3511,1157,3.0589257309489892,NEAR OCEAN,155244.48494516205
-116.75915010381802,36.194269703697266,29,4085,1040.0,854,509,8.3457633185071,INLAND,409655.6370093128
-114.52148767707892,36.63864931014213,18,4229,791.0,3329,850,5.741365169484284,NEAR BAY,380654.5490172422
-116.48366891318143,33.086989687546,17,7888,2072.0,1833,1161,2.263832101885235,NEAR OCEAN,214267.50194167317
-119.38927005563134,41.50939658866287,44,1430,401.0,432,227,4.081517288020275,,272050.2782574939
-119.2423384544791,35.38908392125407,15,7247,1292.0,5496,1441,2.906108188018153,INLAND,215870.15569760097
-119.75140848897912,34.26108047255754,9,10625,1673.0,3765,1322,3.071101441176232,<1H OCEAN,211859.07076745023
-120.8886345954746,35.160239907115674,30,859,193.0,876,216,3.793907695850084,<1H OCEAN,248824.34067816805
-118.87851501530443,41.46867071249075,52,1610,453.0,762,228,4.611840428631094,NEAR BAY,314873.93117759976
-119.80226023716062,33.37686029743846,10,11052,2881.0,5121,1548,2.9961666319589795,<1H OCEAN,258170.02221650668
-118.0986876235841,40.56591827666099,14,4806,1294.0,1397,595,5.633512794303575,NEAR BAY,361515.85610558395
-115.03917517888884,39.08294821793346,25,9541,2085.0,2956,1566,2.087835322208319,<1H OCEAN,155715.64668947886
-114.05090394329713,40.21917836617896,11,4894,930.0,4107,958,3.5003136475394854,INLAND,174705.82935510593
-123.39681844319425,41.57584712542143,34,5309,1276.0,1254,695,11.234093050010825,INLAND,500000.0
-120.27622857885432,40.332038296306905,14,4258,787.0,1757,579,3.858914337425106,INLAND,231966.85303397087
-122.35679680317854,41.27345586688403,7,7364,2014.0,2810,1227,6.6521926888939875,INLAND,354562.4983691164
-120.60837116595955,33.68049788815556,14,2231,409.0,689,304,3.637090613976316,NEAR BAY,356642.00333745545
-121.2677752108061,39.90083365605282,49,3852,769.0,2567,796,4.532844615682873,INLAND,235305.50290596552
-122.41972125740676,37.574783954953745,49,4520,1067.0,2674,701,3.4022860132279935,NEAR OCEAN,200392.62023827498
-116.40642425510283,37.554509034242706,27,2966,690.0,1423,379,3.232696402361872,INLAND,183017.46667436018
-119.1378548231418,40.85997065978077,21,3624,914.0,2862,712,2.4577171258687045,INLAND,136454.12388296658
-114.8236950613843,41.53777551341441,43,5965,1338.0,2368,1008,4.236068555096546,<1H OCEAN,240159.90623865117
-123.86755707888045,39.05499640430158,11,10385,3181.0,3586,1258,2.3793046113047605,NEAR OCEAN,202821.23281144397
-123.5168242660537,36.99132702208759,35,1985,581.0,405,265,4.7091779333015475,<1H OCEAN,260833.9122041228
-120.08660945411049,36.74455587848716,36,12577,3766.0,5810,1585,5.6881163748248875,NEAR BAY,324755.3901194711
-123.38117133187882,36.09297555217559,37,8655,2224.0,3791,1595,4.1162359164736015,INLAND,254759.44606635405
-121.5201581165687,35.862870975025764,12,10875,2805.0,4011,1282,3.0684976282128136,NEAR OCEAN,247250.40540702123
-114.14249662061845,36.14101362766521,38,7127,,3329,1672,4.281419059884447,NEAR OCEAN,269233.74371704133
-122.06861200365694,33.33470508783611,32,5107,1144.0,3248,838,3.037689291772921,INLAND,193508.62033332474
-122.17919903759667,33.220155592922076,46,8845,1811.0,5805,1500,5.317462449899434,<1H OCEAN,303567.9702173122
-118.34886517828377,39.752789548012494,10,10047,2518.0,5424,1341,1.5309175508698798,NEAR OCEAN,183439.42398960204
-119.12041743390981,36.6484779041581,32,8566,1322.0,1739,1065,3.0010933862360094,<1H OCEAN,220300.8778955494
-118.27952936853099,41.15536574346497,44,3013,456.0,1843,421,1.4249469745614465,NEAR BAY,175628.27203802986
-120.35730016227282,38.193655379923754,15,7006,2065.0,2343,1056,1.7810848169622695,NEAR OCEAN,199770.65582322192
-115.76702392907154,32.8271366343151,39,9211,1454.0,3917,1634,6.447793655772247,INLAND,332078.9164626232
-122.78647837528688,33.964967074252556,6,10736,,3944,1774,5.221753379172897,<1H OCEAN,318456.1728310162
-119.83039501241706,34.41412407502097,38,5273,1342.0,1985,872,2.5249819016085278,NEAR BAY,217580.16651714753
-117.16442914587032,41.57434502682384,32,1931,355.0,1663,536,1.7751296185236705,INLAND,158254.59341143406
-115.34398830911442,34.53394930321021,11,8271,2500.0,3019,1375,0.9193963394909033,INLAND,89772.91084382897
-120.43036961516107,37.29652778947887,4,1922,350.0,653,247,2.7330741048904734,NEAR OCEAN,240489.32521522883
-118.40899488924373,41.20644546425382,39,2628,789.0,1269,373,10.372797511282783,ISLAND,500000.0
-123.49477256092594,41.58789238820352,13,7957,,4176,1064,4.244813658758176,<1H OCEAN,255112.34306577977
-122.46274530125935,34.69815204906696,26,9722,1856.0,6256,1783,2.7133728938355666,NEAR OCEAN,197781.74667892943
-123.49479074284564,32.95679408687538,4,4129,725.0,2166,672,4.302886576216467,ISLAND,354282.6397210851
-116.77561490161507,33.92849704260115,51,3169,646.0,1666,864,1.7290441496300453,<1H OCEAN,127448.86666142293
-121.26178831903417,33.08895485193379,29,3579,779.0,2556,661,3.0532435567852385,INLAND,145149.22646728612
-116.81779804004326,34.31465544215873,49,5050,969.0,1383,860,3.6501375903020246,NEAR OCEAN,225771.3918947417
-123.5227375537586,37.78769834674474,9,626,200.0,297,131,3.357694932926734,INLAND,210596.31582951776
-115.40201243583508,40.985773805549464,11,4091,773.0,1864,1119,4.982156127966518,INLAND,300517.2598100116
-115.67759197926686,37.49613561835736,32,7793,2269.0,3851,1121,4.07589498910559,NEAR BAY,304438.59025142837
-123.29292682088712,38.32170287730145,32,3689,653.0,1669,650,4.714989589589376,INLAND,186740.2693002383
-123.9576836341367,34.377365439968735,42,3141,995.0,1909,563,2.560576614060487,<1H OCEAN,194294.20322995898
-123.62585410758369,39.9454276722668,49,6645,1252.0,3506,1399,5.227937985950852,ISLAND,359185.9043343343
-115.49297223390332,38.24543684910192,43,2692,597.0,1227,435,7.264660946065101,INLAND,356886.60145255283
-121.80602441167066,40.53647251149234,8,1132,277.0,563,199,2.2556376760660504,NEAR OCEAN,208511.67143292967
-118.60761215784648,41.32424089515379,17,1098,,305,187,2.340903474178524,NEAR BAY,224136.13051550096
-119.85230912756343,35.73547721453631,48,10253,2962.0,4399,1601,6.366837963880675,INLAND,303155.77273985907
-116.08563963246826,33.342385244379585,29,2585,508.0,2459,732,3.20238295460205,INLAND,184434.32500308118
-119.21323732499916,34.601139308626074,46,2339,569.0,897,291,6.56478413765157,INLAND,346042.24813944154
-119.09325942525506,36.571926560785286,30,6153,1498.0,2742,1596,2.860106693766006,INLAND,169472.29683521527
-114.111262217101,41.2949509619676,3,2123,536.0,1268,369,6.717865763150045,INLAND,374467.6931154695
-122.66867852115757,36.01828134807276,25,3108,496.0,1641,685,3.7030937449681125,INLAND,230197.77220311086
-115.7268198247915,39.66819088708794,43,942,168.0,237,154,3.9204363857239963,INLAND,221350.37579483187
-123.67215259484038,37.52643323718802,35,6175,1095.0,2459,1260,7.057727457051783,<1H OCEAN,331882.3203331923
-119.3279825503557,34.20012156500808,7,10093,2032.0,3808,1294,2.965967497072472,INLAND,215003.18596876078
-115.15938479588316,35.4828273062671,11,7620,1331.0,3336,1390,2.285294858256906,INLAND,147600.6542816715
-117.41481755083797,38.57468453071221,45,3755,1152.0,1971,561,2.852358244635944,NEAR BAY,248310.7737394294
-117.21081088246544,38.757536570569506,51,3183,755.0,1475,671,4.278276654923855,INLAND,193469.36434227237
-121.51416372098384,36.54326564532413,40,6101,1562.0,6345,1696,1.725312886508935,NEAR BAY,160506.4382374004
-119.93053712811317,34.62640410475767,6,8281,1745.0,3496,1500,4.64997529272653,INLAND,306155.9032416318
-120.46087315230969,39.21373304946789,33,1125,222.0,601,182,2.7388904881800844,NEAR OCEAN,190872.78996628692
-118.88127925638847,34.07051928699825,44,7433,1751.0,4894,1282,5.850433127138401,NEAR OCEAN,362778.644038003
-119.48527511253458,41.211028134345675,34,12340,2468.0,3888,1485,1.1883702882186062,NEAR OCEAN,149835.21949822144
-120.86563681085471,34.24750328503923,31,7449,1553.0,1732,1059,2.4498955750093843,NEAR OCEAN,192382.85280811018
-121.08409775381406,33.49800497434244,25,10132,2300.0,3648,1195,1.634095322998512,NEAR BAY,192650.93922634277
-121.64130050511775,37.12812363199802,13,602,142.0,531,121,2.4065561452028468,INLAND,132000.1846782994
-120.47651808177547,37.33181126242015,15,1266,402.0,733,170,3.9018455357465904,INLAND,223111.1617703445
-122.67059692507259,37.22619410743768,39,1117,210.0,381,178,3.219892643741658,NEAR BAY,226282.46381754256
-115.30453611956355,36.56100765085121,4,2538,591.0,1429,387,3.1142242801050735,INLAND,188402.21249519143
-118.05838220329905,41.75177850331536,5,15038,2638.0,4461,1784,3.249063522443806,INLAND,223792.5579139401
-122.83537845894267,37.02240969783641,21,8022,1681.0,2328,1185,3.824870874006413,NEAR OCEAN,272140.9622690954
-117.1226347910682,36.944903200880425,41,11464,,4920,1434,2.217008536555929,INLAND,101674.43706109702
-115.55380202642067,36.42242438324542,35,4391,789.0,1819,616,4.797439501531,INLAND,267626.685983321
-121.77713614506696,33.1214795187236,31,7012,1745.0,5193,1695,4.702995690692723,NEAR OCEAN,296512.5244851841
-122.66387393775992,38.014496669691425,28,3177,702.0,1770,454,4.150658813753857,NEAR BAY,284957.4090042472
-124.11210397723573,34.6201002816756,6,9682,1537.0,4048,1635,4.483661668186985,<1H OCEAN,300887.34505375876
-123.71804654366386,38.429763516130166,18,1384,427.0,587,171,3.988391833326205,<1H OCEAN,251266.69974922956
-116.42503624730418,32.97275119612084,5,1160,256.0,395,154,8.721428002159842,<1H OCEAN,435539.76527288195
-114.13069941317472,41.62690004165291,40,1013,287.0,409,252,3.3561940979309712,,298759.7754764417
-123.74222071074198,36.86174723481785,40,6046,1335.0,3765,1450,3.0398633135201685,INLAND,170576.64798135436
-116.5696762173851,40.839824955793496,14,2124,657.0,2349,552,2.4865907332112136,NEAR OCEAN,212764.95109177995
-123.46700590842221,36.92271891106629,16,5232,1043.0,2545,877,2.1934634930406496,NEAR OCEAN,191708.0477579037
-118.1602451859826,33.06107661274026,17,3556,,1652,911,1.9936910018797585,NEAR OCEAN,219124.2340864744
-116.48803211923197,40.146585978672405,47,10293,2872.0,5053,1446,2.339743268527543,INLAND,124947.01159088992
-120.53611514786908,38.52810868590435,26,4415,920.0,3027,705,3.3810754124597153,INLAND,158870.63057064114
-124.08846584467123,39.77034054243769,40,1006,213.0,541,131,4.056955468988222,INLAND,198082.54347389782
-118.12906860832065,36.48197973063252,24,3767,1202.0,2429,769,3.571600898927361,INLAND,234223.05356540938
-114.08930479297172,38.4328117214938,37,3682,900.0,1565,604,2.4731907662121424,INLAND,168263.05189442367
-121.57230228704735,40.46292973530845,28,5506,1471.0,4289,1347,5.233514567447544,,295042.25182162004
-122.2671889726904,38.36890861870855,15,10950,2840.0,5343,1382,4.868255710148427,INLAND,295601.60808396485
-122.93595589391416,35.7333648039739,46,1199,349.0,1095,274,3.2483860131797515,NEAR OCEAN,243034.88381645287
-118.53639267701944,38.66152522760566,37,5825,1727.0,5626,1452,2.601758948383402,<1H OCEAN,178392.32046850692
-118.11625998652521,38.748243954110826,41,1077,265.0,671,238,4.467337369528564,INLAND,226462.24285287486
-116.1188374608619,41.43345875131161,50,8744,1749.0,2142,1161,3.798431104980095,NEAR BAY,275908.414243909
-116.5186526090708,35.94948459033752,13,3114,479.0,2435,773,1.8191015643851882,NEAR OCEAN,168118.86586191013
-115.09607675309012,36.45326043788142,5,4114,1047.0,1223,626,3.385186107144702,INLAND,208331.43300679256
-115.98111847690852,40.052743539039646,31,6732,1954.0,1561,931,3.9271584177375027,NEAR BAY,293186.4609310808
-121.67787575258967,37.20358952710749,17,4651,1054.0,1888,641,2.328297575157011,<1H OCEAN,147238.27466859805
-118.53005047026724,39.35012976597631,23,6466,1151.0,4941,1453,3.801628497017175,<1H OCEAN,239664.02945565968
-121.16639801724548,36.77529801941841,13,6641,1321.0,6936,1744,1.813629129230341,<1H OCEAN,160052.1311642635
-120.83618912857467,34.50410481885812,21,8559,2026.0,5618,1490,6.367989151888139,ISLAND,461751.1088383893
-114.69416743385403,39.4303957378634,21,3867,1130.0,3416,857,6.120094228850766,INLAND,270270.5267540784
-117.24466176831585,33.7197430734178,19,6751,1210.0,3575,965,3.11543004709778,<1H OCEAN,209023.42352492138
-114.25917778483873,34.34682807084116,39,4602,1169.0,3083,871,4.110540186160702,NEAR OCEAN,255512.33092936396
-119.94749212546881,38.32947233989314,31,8350,2322.0,2222,1453,1.180024399008977,NEAR OCEAN,170792.65692857385
-118.71813675178944,39.44960914178625,25,4259,1317.0,3472,1047,2.074341082977549,<1H OCEAN,169170.7543896645
-119.2314227168525,40.820597347870674,6,5742,975.0,1676,906,3.0581173634747425,<1H OCEAN,265151.10611594364
-123.10567201325799,35.03505442596779,30,3573,1099.0,1348,807,2.154460060861409,<1H OCEAN,185518.2303400261
-121.78563965582865,33.529735604985156,10,5171,1304.0,1465,750,4.813759680638202,INLAND,255542.77772044553
-118.81810912183428,41.39123393356045,17,4041,1133.0,4074,1048,8.574420742168764,NEAR OCEAN,473887.8211919441
-123.51278208764334,33.93613471860593,22,10701,1703.0,4670,1277,2.0555087336345967,INLAND,133187.78419715556
-114.69908832104933,34.33830293496815,8,5857,1383.0,3597,846,2.3944210483178705,NEAR OCEAN,234431.79411063023
-122.93679444417762,35.20936391809373,21,6503,1664.0,6400,1475,3.88045248134652,<1H OCEAN,217988.45681086057
-122.18059638654755,37.42333959244447,14,5384,1088.0,6169,1508,7.206635989983351,<1H OCEAN,373933.70411816007
-116.39372351582591,40.710277764116924,45,4345,971.0,1584,840,2.0136148896566457,NEAR BAY,207102.69349234228
-123.211267673749,39.57307801138776,45,7023,1715.0,6666,1647,3.904252153789109,,304220.98877978587
-115.01716338392282,39.085865250736504,1,1883,459.0,1612,410,7.921530902092698,INLAND,350709.02017669176
-116.79785009863014,34.129179281060836,32,13250,2082.0,6784,1685,1.6598187062790013,INLAND,149825.22363149762
-123.50006725748965,35.82644847319156,34,4001,899.0,1191,614,1.9611261153870092,INLAND,126344.18889241024
-117.14315997488634,36.949165812606104,20,4680,872.0,1964,1068,2.884573418318141,<1H OCEAN,164122.9594448072
-117.75738886985256,33.87106136741595,25,3745,1145.0,2491,596,2.7613928665264296,,99988.76003065526
-116.47503578605283,35.04289622977805,42,4119,1302.0,1728,862,5.031260652699059,<1H OCEAN,248137.06789977005
-115.75238190460877,35.36749879676145,20,5791,,1775,691,3.891313938220978,INLAND,219281.97372083683
-116.87282425563382,33.68366864446006,4,4778,859.0,3680,1304,1.5703006112429605,<1H OCEAN,161136.97080260003
-118.2210017882361,37.61722913474679,20,1833,343.0,476,256,4.401452857487324,NEAR OCEAN,305724.6300127817
-120.91087415046587,39.056762227674994,14,11254,2602.0,2383,1528,2.6915237974629225,NEAR OCEAN,210605.79440954057
-117.08780864933472,33.15036417273481,20,6283,1877.0,7179,1638,6.193505528391422,NEAR OCEAN,340942.2996241778
-114.43888983676605,36.97444484639729,12,4643,1091.0,4305,1065,2.6315831114287698,NEAR OCEAN,212525.50376380776
-118.20727783860548,39.77456411599049,8,5633,,4307,1039,2.6209140280566237,<1H OCEAN,204951.42577734447
-117.42368234197062,39.456308199257755,52,10154,1592.0,3011,1295,4.452693637559792,NEAR OCEAN,277820.90706148266
-119.74129396956204,40.080179794834415,7,2808,,971,454,4.9200412619862535,INLAND,253240.9449201573
-116.48756774062065,36.66863788848664,37,9345,2741.0,3772,1379,4.270131887523102,INLAND,245328.81338368356
-114.02379259814592,40.1311808685507,38,3611,923.0,1371,487,1.6347358099699139,NEAR OCEAN,148966.77826908362
-122.5640288945091,34.73900356229271,33,9597,2358.0,1904,1256,4.446492121298785,NEAR BAY,286599.1697610762
-122.13546614906163,35.85553822118289,48,3723,760.0,2380,633,2.191445510936067,NEAR OCEAN,167665.70674154413
-118.69773486162323,34.14010686068555,1,8298,2556.0,6028,1373,3.8801516976940125,NEAR OCEAN,306337.69534430845
-119.28997094793108,36.84760621668572,16,10266,2118.0,4392,1448,1.8391794187380759,NEAR BAY,205091.21716936404
-118.36998819803146,36.14615820846362,10,2264,661.0,1234,470,4.266718225962369,<1H OCEAN,256028.35491981474
-123.69944471321242,34.740622182653105,31,8993,2719.0,3053,1157,2.4279092427271074,<1H OCEAN,202422.66645485503
-120.07638014542943,39.491560595846266,34,3449,801.0,1702,957,1.9597450874931317,NEAR OCEAN,228792.5100935327
-118.25362172693129,35.41877498063831,47,2746,829.0,1393,613,4.812511366191212,NEAR OCEAN,295698.1779691367
-118.23104821668939,35.03708027035627,20,8311,1638.0,3275,1108,3.891287324974521,<1H OCEAN,278112.44424883486
-117.4951935899626,33.7172800769096,13,9295,2435.0,4918,1787,2.647750573586261,NEAR OCEAN,245885.3169538431
-116.85379650417283,36.581041826758124,49,527,87.0,382,124,6.706186657505257,<1H OCEAN,335180.12532707915
-117.65621852592326,35.317571048186906,35,7657,1765.0,6843,1727,2.8625316062199393,INLAND,167388.91361219078
-116.13951981502777,35.93423742447101,40,9588,1792.0,3355,1558,3.541139093768277,NEAR OCEAN,212529.31545507594
-117.82744152621717,34.69477454237114,24,7800,1253.0,1594,1009,3.939331549603593,NEAR OCEAN,264438.2529570333
-118.71742184212052,39.59734605532507,24,4408,664.0,1843,1144,2.640980711070387,NEAR BAY,222218.8113750646
-118.01679642534432,41.14903113039887,21,2703,555.0,1398,740,4.31462895829273,INLAND,227598.03923325505
-123.16782765911601,37.13076623093665,39,1957,490.0,1060,336,2.745453974931087,NEAR OCEAN,192011.4812253579
-121.4138032845997,38.47988533706974,11,8943,2034.0,4151,1080,2.9001508561533895,INLAND,177353.10936994432
-118.82052223728707,40.56470217244237,51,7299,1469.0,6071,1491,6.444255977497633,<1H OCEAN,349050.1028389936
-115.29553040290259,41.789115627203024,10,4214,1342.0,1698,508,2.18526319434102,INLAND,151832.74022220293
-117.27367412586247,38.205703307987434,24,10510,3255.0,3534,1324,1.1785075514841254,INLAND,60316.73361395939
-123.27783759958665,40.77494903882078,17,6764,1159.0,2681,1376,7.206055021114678,NEAR OCEAN,393743.5378941513
-118.15879550546708,40.950056692967465,34,10566,2331.0,3711,1393,10.992328041274067,NEAR BAY,500000.0
-121.9382725261016,39.86049883661089,36,4788,1246.0,1703,691,2.908474830470882,INLAND,173669.3280773577
-116.71303109015503,36.786661936979925,48,4714,1295.0,3130,778,1.4599802112950888,NEAR OCEAN,160995.46824764006
-115.76010330441078,33.25473220394226,42,4598,976.0,2385,819,3.0352148437219997,NEAR BAY,247379.63253896977
-118.14674601958227,32.64699166559325,13,11783,3262.0,3353,1555,3.0685332311901354,INLAND,171618.09466409977
-118.16810138053256,36.9379658895312,11,12184,2085.0,3815,1632,3.2044301413086647,NEAR OCEAN,252413.70630498187
-120.7463672792497,37.09712516187194,47,5937,1225.0,1545,815,2.1148320093390525,NEAR OCEAN,166760.31650955608
-119.64824978415464,36.28847020712564,26,14851,4036.0,7283,1749,4.530365017731594,<1H OCEAN,246496.1454004711
-115.38609479108348,37.78395636700969,6,6352,1628.0,1774,1078,4.4195077401417375,INLAND,268083.7132392584
-116.82213262413501,37.63511314073117,43,5772,1687.0,1178,766,1.781610037776988,INLAND,134992.25992228024
-118.8985126711024,40.28050128160404,34,945,149.0,246,121,4.780946451277048,<1H OCEAN,299824.34701855667
-120.44402966026662,33.51051106033904,2,5223,938.0,4414,1146,8.790822168717783,NEAR OCEAN,473222.5132854004
-123.68612666945675,34.59415229478157,41,4464,706.0,3631,1203,3.771158126324642,INLAND,228163.97449757578
-122.74132450647087,39.87494630432456,32,9644,1762.0,5788,1746,2.9987744156142377,<1H OCEAN,193096.1336752524
-122.23114306669842,40.38488286517998,32,10321,1556.0,3365,1326,3.2742818202631634,INLAND,201050.36684643867
-120.39148785876152,41.75186518667407,45,836,197.0,287,169,4.603724018159748,<1H OCEAN,251655.41754207588
-114.569734799822,40.61808175239988,26,7504,1800.0,4270,1072,1.6019117784879373,NEAR OCEAN,164528.70493034064
-119.04743537244076,40.77606076577268,24,4835,1266.0,2811,1367,3.75833415873541,<1H OCEAN,185862.94394693588
-121.80463033475584,35.423435866458114,33,5034,1085.0,1522,954,2.9279169239883167,<1H OCEAN,193878.50687592025
-123.12134859789256,36.235453196287196,11,5532,833.0,2658,841,8.016655026046708,INLAND,400944.5803300174
-120.74928364904977,34.99319147483112,8,6140,1624.0,2577,1480,3.227223821890492,<1H OCEAN,220212.25932003238
-115.87954751737922,38.138584403192255,44,9157,1458.0,2039,1147,7.3931169465692275,INLAND,391603.2373218658
-120.28990350721283,41.23088979412545,12,5412,1609.0,4830,1264,2.124033097739365,NEAR OCEAN,173972.67014257197
-116.32044077857138,35.705160244558044,27,7236,1113.0,2630,899,4.546085918534006,NEAR OCEAN,279723.24012503796
-116.01240924350584,37.680116571497486,15,2690,646.0,1292,587,4.029853885921132,INLAND,207991.79317901292
-123.06962814907322,35.25558656321741,12,8404,2539.0,2491,992,2.360630486042842,INLAND,147679.6098969035
-117.9916705232068,34.07913975608618,32,11293,2793.0,6257,1731,3.780394055128561,INLAND,230999.05076303578
-114.41722015361466,34.3152254273135,42,4439,1125.0,1916,1132,6.023289126072941,INLAND,328972.8745645837
-120.09819163598375,33.03889170420461,23,5005,1331.0,2404,1308,3.017092843250037,INLAND,164949.66936536587
-123.68037029216917,41.328429763986094,8,1271,217.0,1078,328,1.6300599737828476,<1H OCEAN,145933.34541624592
-114.78231255936964,36.246780359120955,13,11474,3038.0,5800,1779,3.4628665477798886,NEAR BAY,251676.43608909525
-115.18660392796068,40.257324295619604,9,4008,1201.0,2294,531,2.3254407880853205,<1H OCEAN,221163.0769895274
-118.87415723846819,38.83636409601412,46,9656,3048.0,4528,1751,2.992013516357684,<1H OCEAN,220847.6690460977
-118.5670181724911,34.284866801123094,17,4969,1120.0,1466,868,3.3645206580781455,<1H OCEAN,227122.28623954
-122.04024075168353,34.13179889318552,20,10720,2236.0,5087,1663,1.620049173495225,NEAR BAY,164231.7837717412
-115.8416022934447,40.051490274048064,4,9975,2774.0,5422,1618,1.6870032790957108,<1H OCEAN,137500.89871652608
-119.11427960840031,34.9618189087617,24,9640,2336.0,2646,1389,4.335903793245206,<1H OCEAN,269732.43667514424
-123.85444648954592,40.99355220842837,48,9720,1883.0,5148,1659,2.7587469878186197,<1H OCEAN,196602.1456126515
-117.23324744422023,33.802515263612264,22,8080,1448.0,2370,1143,1.1006105223775677,<1H OCEAN,83704.31142437144
-114.50493804801239,38.80269011442657,34,13112,2346.0,6102,1545,4.968807225687403,NEAR OCEAN,298499.7755364996
-115.74266499847334,40.07460704708768,10,2148,,1604,409,3.945463310549663,NEAR BAY,337730.26450290566
-121.3725789698525,34.6878844122655,8,848,152.0,654,238,2.5313590417917364,<1H OCEAN,195414.36800275635
-123.65608413367993,35.06872848014606,39,4260,653.0,4441,1032,1.9298193645201867,NEAR BAY,231264.08939803217
-114.60841559211056,41.47002564109457,4,9276,1474.0,6425,1480,5.084077277459724,<1H OCEAN,325159.3066192892
-114.64196020622704,34.96075772971927,24,7336,2260.0,2634,1405,4.0845345482865145,INLAND,200312.02020882038
-118.76936373892873,36.49860056407044,17,8249,1340.0,2582,1006,10.197789970017348,INLAND,479825.738993636
-117.64836240095035,36.522395017154004,1,6604,1073.0,3225,995,4.21683509601314,NEAR BAY,314797.10654602374
-119.48147938074976,34.853223174346056,28,6980,1582.0,1997,1144,4.155639858020445,INLAND,203729.10797070802
-119.91839325559266,39.71485710386494,51,11820,2266.0,4118,1578,3.2377622624495883,<1H OCEAN,179829.05049823105
-122.98162595352726,39.67819889203114,4,7352,2306.0,3463,1534,5.040721064687539,INLAND,313065.9623356036
-123.21312043671682,36.01835753228121,43,2310,704.0,1295,304,4.624130441141736,NEAR OCEAN,263084.184275015
-121.82613210390289,40.26666985705082,29,3937,861.0,3017,1120,6.130499639306115,INLAND,332735.01460825646
-115.66626438665325,34.48159688991072,38,5008,1133.0,2817,759,2.7604803007869,<1H OCEAN,180501.02963065443
-122.71251053249607,32.54004371370941,6,11958,2556.0,3835,1463,2.8692958096536647,NEAR BAY,257320.71941814094
-121.88767375046996,37.81185646711839,46,7216,1129.0,1826,970,2.813427731111915,INLAND,170486.38632618758
-118.60413659491348,41.74492328380712,1,13866,2770.0,7146,1785,4.982146262161301,INLAND,264133.293533967
-122.00566157560161,32.85939208139003,48,4640,793.0,1270,846,6.850135945485832,NEAR OCEAN,388867.50892077916
-122.53529181587858,34.434382085488686,35,9603,1608.0,2094,1260,2.839198454716603,ISLAND,233728.45200848454
-118.45417433468079,37.32590617512988,18,1889,463.0,772,302,2.8830588248617453,<1H OCEAN,218801.74057772994
-120.44544863583452,40.03244884893729,1,11115,1854.0,5888,1686,4.020212455018003,INLAND,180722.7302456085
-117.81317528442722,33.328090647197996,32,1431,240.0,939,377,3.1249157567787447,NEAR BAY,246528.98707064273
-114.8955055278315,36.17568227995772,5,3403,788.0,1278,755,5.357107285788984,INLAND,310696.0946654626
-122.65987005936232,39.44780494585794,32,9551,2151.0,3698,1527,1.2670612202360392,NEAR BAY,188029.3632892563
-114.88297666990675,35.95535183817916,41,6621,1148.0,3857,1745,2.406041170224032,NEAR OCEAN,163840.2881332847
-114.99460233228623,34.25617871042344,14,6724,1014.0,1414,933,2.4544744124651583,INLAND,136385.64421338576
-115.74330664997379,34.31811119478826,13,7192,1315.0,2850,934,1.228556366650891,NEAR OCEAN,146609.9104719168
-117.76088364347794,36.31345371830945,12,1628,309.0,369,201,2.2622563496581245,<1H OCEAN,190797.73151987832
-117.87450409385141,36.958578795694784,12,7072,2023.0,4117,1764,2.312154439958886,INLAND,111876.02310726803
-117.68003086864769,40.51487408568893,6,1205,368.0,494,147,3.1883479717781866,INLAND,199006.47257016698
-117.15694537757831,38.47294749268234,13,626,137.0,587,163,5.7594077673147055,INLAND,309908.0018246191
-124.0318815539192,38.92073817699416,35,5371,1175.0,2072,915,3.1259014542936114,INLAND,171328.00592029904
-114.42745569256137,41.641780695283934,16,970,263.0,309,126,2.194894158227007,INLAND,163167.9369107545
-118.22684163305108,36.33014399479905,41,1525,391.0,878,396,3.4020236864402413,NEAR OCEAN,240680.65047199285
-116.2290484380953,36.25119595021689,43,4216,764.0,5019,1174,5.596425719835359,INLAND,263941.8322669105
-120.3517252415741,41.087126799850054,40,4727,796.0,2676,1304,2.2497487262287437,<1H OCEAN,123257.09121563897
-124.07354841805888,34.786642959147045,29,3755,843.0,1259,620,2.3169259887531823,<1H OCEAN,180829.39240376258
-119.00070646926028,39.28728179061666,17,11004,2707.0,4063,1456,4.487730115292137,<1H OCEAN,254813.93144198024
-119.02666078297753,39.51753018542865,49,4716,819.0,2336,1140,3.1591681457284957,NEAR OCEAN,206833.1817487813
-119.74270925922319,33.40942837624262,11,2074,415.0,983,503,4.670976314817045,INLAND,269350.8622354669
-120.73488604754682,36.85455207295033,25,8347,1686.0,2340,1316,3.468974245214529,INLAND,231345.5861180003
-121.65177390434084,34.36523098329045,24,5204,1012.0,3739,1114,4.7862567860981375,INLAND,253847.40217695557
-118.81904228012874,34.22399003706312,39,10612,2423.0,4860,1484,2.1906862451250824,<1H OCEAN,178702.31353350848
-120.37216297512636,36.81360142730475,29,3126,816.0,1283,379,3.471413664639776,<1H OCEAN,193026.34906835412
-114.30669479289195,35.191696279825,42,3716,879.0,1897,507,3.1746249314398725,,252981.28948336042
-122.4361414607773,39.903362162920594,48,4968,,1541,630,2.0194982392629592,INLAND,121541.08948246954
-120.93941121020372,40.94072548993148,21,4226,708.0,2885,693,1.7270848397405145,NEAR BAY,228459.79762350378
-121.20160319656938,39.965301629181795,46,12358,3580.0,5849,1613,4.752102092177244,INLAND,226557.74292278284
-118.65824640239325,34.97408711538149,9,5960,1380.0,5175,1350,2.980441452598923,<1H OCEAN,213070.87581442023
-119.1073413788637,35.049449861304055,48,3972,638.0,3713,1034,2.20333885943955,INLAND,154992.9648405154
-117.63384725267241,34.86897365609244,10,6963,1350.0,2608,1027,3.342501498745714,INLAND,201068.28572224305
-114.50998194014308,33.755854293323,45,6046,1733.0,3732,1608,5.798553476289879,NEAR BAY,330085.89423456776
-121.29074492796255,41.27732482336451,21,6927,1924.0,2371,870,1.2506556947496565,INLAND,166865.10446515842
-117.13372999359903,36.239044522860745,51,3465,1036.0,887,498,1.7798206299644648,NEAR BAY,158094.83290176265
-123.94458992934713,34.58961211327662,7,2883,728.0,980,349,2.3041252449582905,<1H OCEAN,190035.15841260913
-121.52363757811703,40.37404076972666,25,3417,758.0,1095,674,6.736432553222289,INLAND,343953.99482392526
-119.47005877443476,36.21251631471745,47,7218,1606.0,1839,1217,3.9636453403199874,NEAR OCEAN,261378.3070011551
-123.88385315749242,32.826586343319896,3,6567,1202.0,3827,911,4.929772092122174,NEAR BAY,342036.3226769841
-117.89977150235289,34.00605660332157,14,3903,1017.0,2897,828,2.08950581610494,INLAND,143709.75575430237
-117.28123179430257,38.44502816531238,5,5750,1434.0,2898,926,2.1089893593449416,INLAND,149224.1201678646
-116.58333650865193,39.78101904979703,17,11943,2106.0,4374,1757,4.2695830347252555,INLAND,211906.00871085917
-118.93094005060128,34.46168981294503,21,15076,4531.0,5666,1796,3.5830824479216994,INLAND,255594.50474443415
-118.03976441721801,41.03177898017512,33,2817,599.0,1593,390,4.46796241213365,INLAND,230444.63020220562
-120.16013443695944,40.41427321648513,14,1276,202.0,1058,312,3.207680383884882,<1H OCEAN,238651.98895809625
-123.77921906843306,40.38994101276805,9,3115,641.0,1721,530,3.955728086343477,NEAR OCEAN,271893.56389974913
-123.18049107109996,34.617248665232694,9,9994,2977.0,4396,1551,3.7477422357831696,<1H OCEAN,242695.609438717
-117.51904157314506,32.969984694445536,49,3772,1154.0,2230,891,4.953009269459593,NEAR BAY,307001.1850759009
-114.04533594422509,40.56703891718803,50,8886,2074.0,5535,1570,5.018613633191101,NEAR OCEAN,261935.31947027348
-124.03880696053439,35.343942127268676,12,5934,1855.0,5240,1206,1.6838075074112504,NEAR OCEAN,178525.6290884948
-118.5126483323709,38.25592234491379,11,4295,1283.0,2866,1049,1.2696346095982998,INLAND,106113.4775537817
-116.53971072059791,39.567692018416786,3,3588,1042.0,1561,592,5.478248477319542,INLAND,324381.4997586706
-115.76689675425844,33.693127304153414,50,3017,893.0,1911,697,5.956459684820578,NEAR BAY,331447.2040580204
-118.63891000752908,39.761796697027144,37,2375,510.0,1006,368,2.2049826518342615,<1H OCEAN,154584.8862932773
-117.87685700212212,41.22815656833791,40,4314,1202.0,4338,992,1.511456970954016,NEAR BAY,158117.06204472476
-117.09340555819955,39.2738871814416,16,4207,1044.0,2098,591,3.649410579381215,INLAND,245353.44339628262
-115.438544253127,36.60337156086919,34,2735,745.0,1553,611,5.306206652254589,ISLAND,365064.2851630353
-122.95264672053125,40.653106690390835,4,1485,268.0,479,186,7.83748141837858,INLAND,408807.1160006015
-114.7529415979964,37.4053559596748,36,5309,1456.0,4019,1462,4.403210383325064,<1H OCEAN,283148.54998799023
-123.93462248377399,39.42636962869581,31,10369,3243.0,2726,1697,2.9527220878647724,<1H OCEAN,199803.50072776605
-115.6707625402307,40.13070527788501,18,4881,983.0,2900,957,2.335185240949904,<1H OCEAN,154011.12709826522
-123.4172476490911,39.46898161380075,37,4718,1499.0,3930,1020,3.5083753997352307,<1H OCEAN,191226.22803731484
-122.2147922416298,35.17705034724783,34,9812,2103.0,5721,1675,3.0505773971753505,INLAND,195098.82417167455
-124.16027970691245,33.59594827842423,23,7548,1388.0,2032,979,2.21050156533932,NEAR OCEAN,168197.40331185472
-119.65838160353239,34.71654832306716,10,9417,1592.0,4211,1166,8.775291980140803,<1H OCEAN,470378.8752202917
-120.7895358874826,37.17673691391728,2,4209,1193.0,3009,839,7.793778451029135,<1H OCEAN,427968.7244690974
-122.50687230283232,37.19907537732579,49,4203,1027.0,2225,984,5.819543996750497,INLAND,290544.8950026745
-119.59888035980016,37.9185924486252,15,7072,1430.0,3293,996,2.3062372976232437,INLAND,167258.41708063165
-120.09581699164373,36.17444708919538,16,8423,2135.0,4299,1314,5.128220387281087,INLAND,252810.82822419395
-116.36985746647284,39.818089847485254,36,5113,1056.0,4467,1135,4.654487855027359,NEAR BAY,290951.34179381
-115.09007087808567,40.99232987822903,14,7053,1596.0,1830,966,4.25947337135498,,305541.2056812184
-117.54381403197577,34.79454299735908,20,1505,446.0,510,247,6.124820011795421,,329067.5144524266
-122.93101403498946,39.34966592462756,37,11091,2923.0,4768,1639,4.645583643855465,<1H OCEAN,207111.09772581115
-121.18701389395953,38.805138228668916,31,8538,2387.0,2624,1612,4.869573743866277,NEAR OCEAN,318593.4690937125
-114.88415337231075,37.36474164329763,35,2443,609.0,1161,429,4.648793983242129,INLAND,217965.33767058773
-123.29490817131953,34.25333117502969,1,2694,858.0,2317,612,4.068832623424272,NEAR BAY,322285.09537564026
-120.05007043821357,39.8956600048192,24,12781,2442.0,3389,1755,1.564200751509502,INLAND,151431.33409768937
-114.5864528838185,41.43382445634814,25,2824,550.0,1868,659,3.624185179005134,INLAND,205651.31403524042
-114.50321861701124,39.213077889772606,33,10969,1818.0,6486,1484,2.7175034743386512,INLAND,184887.76005048456
-120.0057275941013,41.03609796861932,8,10786,,4273,1440,1.9622103532122872,INLAND,150050.1814872487
-117.39255174139227,41.6529229640164,9,11327,2880.0,4612,1566,7.439602936608117,INLAND,412424.1978847873
-119.54119489678921,35.77407127042491,40,525,144.0,456,146,7.5992374246682655,NEAR OCEAN,388039.5083346537
-116.51470249774931,38.43547904221493,36,4530,938.0,1899,931,6.434339990011052,INLAND,315953.3350308849
-123.87787042693142,36.90757446003413,43,6251,951.0,2062,1070,3.9151202242233287,INLAND,221267.76633333357
-122.72959708100214,41.67564734582804,15,9885,2545.0,5287,1526,6.4095002541920785,INLAND,324369.5402648363
-117.93517220385529,33.37241276327184,52,4024,1287.0,1316,497,3.509325771977363,NEAR OCEAN,259392.71934606065
-121.82796692308075,36.33508670296419,15,3415,,1486,635,3.82385384727541,NEAR OCEAN,260214.9521768193
-117.40626654745469,40.642513114103295,34,3323,,671,422,2.133871388576091,INLAND,184418.13480766024
-120.61752613989476,35.14167718789659,9,6044,1196.0,5535,1400,4.1730454250842905,INLAND,287528.4504518018
-115.15621530709622,39.82647351094151,48,9631,2141.0,2866,1798,3.5864887786001534,<1H OCEAN,225220.1846144343
-115.84355426728814,36.059883413856376,18,1335,257.0,1305,355,1.9421712483625249,NEAR OCEAN,201881.0195793822
-119.17305443929843,41.61380042097847,42,3686,770.0,1333,511,3.4108492243276336,NEAR OCEAN,262664.11044112727
-116.31647011163246,40.71682747874048,18,2701,698.0,2055,635,3.3673352220262935,NEAR BAY,243722.53914885494
-121.43439356040209,35.30227932626232,42,7718,1610.0,3578,1613,7.837363777839687,<1H OCEAN,370993.2783339777
-119.15855027651901,39.66279595590205,24,6403,1392.0,1693,868,5.2194706976256215,<1H OCEAN,331815.40431900165
-122.18568307099457,35.632765857649396,4,3661,574.0,1807,593,3.5083661598772156,NEAR BAY,292353.11359092203
-115.41896108108587,38.13917441400447,10,2360,722.0,2325,661,3.9038150362177864,NEAR OCEAN,271550.6108636119
-115.80471031100217,38.62387114605761,36,3947,865.0,2323,1124,3.560480722461415,INLAND,195696.0263096461
-114.99807338222818,40.21523730449705,11,4661,959.0,2129,770,3.1857530797671676,NEAR OCEAN,191072.67548584746
-115.24973479151255,32.72739282020274,15,1784,294.0,990,355,2.1445028654838283,NEAR BAY,217236.18711780978
-114.41211812699315,34.547468387716386,29,6589,1699.0,3183,1497,3.2609763848029987,INLAND,170090.9331602818
-121.87097043735436,39.12083563847378,14,5445,1616.0,2602,829,2.494917804334666,<1H OCEAN,216102.1953552029
-114.69539223388779,37.740766103816696,7,2558,402.0,1060,551,1.9884551037938727,<1H OCEAN,201150.8222621748
-118.37362544820962,37.109127227270626,33,8677,1516.0,4000,1343,4.393164527752114,INLAND,245626.5555505767
-119.89055014403485,33.013452597384216,36,7404,1295.0,2509,1372,4.162305372974129,ISLAND,344812.37458729366
-118.48418626112769,35.738965716191544,39,1685,425.0,1105,380,1.5620227561110125,INLAND,75115.98053609638
-120.70545596216716,40.545432156769024,50,1018,312.0,584,243,3.3028704150133765,NEAR BAY,261105.34827048992
-121.25675932899829,32.7873033844351,7,918,206.0,551,196,5.463368952018993,<1H OCEAN,338687.64873183554
-121.73859375262921,36.18685698889275,23,5131,1070.0,3878,1406,5.6217931705314905,INLAND,319104.74419900344
-123.35923450753731,41.289879075338185,13,5903,1654.0,4840,1171,5.53796209002537,NEAR BAY,414163.2334669601
-119.1350380490987,32.97319083126864,47,11614,3208.0,4235,1450,3.552000419049829,NEAR OCEAN,199005.12210794585
-115.14483090771834,39.47226348471512,29,8974,1723.0,4540,1172,2.3862655258426604,INLAND,141738.18509617285
-117.77244991340127,34.89579733049294,6,4256,755.0,1711,794,2.1432760601755376,NEAR BAY,210345.46187274673
-118.88604854589111,40.55946213902915,36,7081,1493.0,2798,1110,4.075821034012864,INLAND,221052.148761397
-119.82835223384065,39.43843220432209,3,8447,2381.0,2290,1333,4.13991814318545,NEAR OCEAN,291534.8047528038
-119.46310341156465,40.73705808898277,15,6039,1619.0,2149,790,6.229518236673018,INLAND,315805.8782594234
-122.0653710547661,34.50810055101077,38,7757,2042.0,5699,1657,5.725849041600053,INLAND,308720.56005942926
-115.80605405263042,37.441022619813026,27,8126,2365.0,6411,1631,3.2887156366510597,NEAR OCEAN,214543.52988218647
-122.17649377452841,39.747210475245645,40,7338,1446.0,4602,1465,1.9939295790916225,INLAND,103099.2485718182
-116.8904478813814,34.785007609853324,30,6620,1375.0,5998,1787,3.0234604849695437,NEAR BAY,225228.15913346584
-116.44815288273925,34.64594063898512,44,3932,618.0,1561,775,3.8487716200603916,NEAR OCEAN,244060.87353173873
-118.33633577131711,32.75279384152754,30,2454,731.0,500,311,3.1869442411805817,<1H OCEAN,185394.08316361197
-115.39815097546075,41.414192233971704,3,7520,1873.0,3542,933,2.691093593585755,INLAND,179258.7866882185
-121.23128640500337,39.103156984508,4,5558,1115.0,2725,1373,3.911019832586881,<1H OCEAN,257156.55849213904
-115.2075043433228,38.410711292294714,41,8274,1339.0,2521,1429,2.7821361067369144,<1H OCEAN,171409.86886097156
-116.7600133120871,39.41915092106341,3,4174,1139.0,3257,772,2.6310164708098918,INLAND,197949.31561730796
-116.05275175683005,37.444000143867584,20,3633,1007.0,2624,611,4.015467485785557,<1H OCEAN,253581.12225239846
-117.4212869628214,36.92804453614082,1,5445,1433.0,2853,868,2.912766564343543,<1H OCEAN,245427.0850751603
-115.56730122670231,36.680649842448744,16,5294,977.0,3819,1470,3.8955971325876098,NEAR OCEAN,268028.93299097766
-114.07039160028012,38.45608467256386,31,1704,520.0,866,221,3.946944796076088,NEAR OCEAN,264365.1990058746
-119.91433888384869,34.374275271149166,9,5615,1561.0,1405,671,2.0901941355978906,,168294.15838743205
-115.89806002616238,40.75894586363829,25,3424,896.0,1389,506,2.8107222934855765,ISLAND,285938.26589407807
-116.60528645291606,40.04929705233916,52,10027,2614.0,3737,1474,6.665864302131549,NEAR OCEAN,381847.62073056214
-119.58072430973742,35.75094158650391,4,5581,1695.0,3769,909,2.068997559628694,<1H OCEAN,174137.2101621883
-114.74512020272837,37.88106646035647,4,1370,422.0,1104,265,1.346495778316745,<1H OCEAN,165176.29782760056
-120.17685551835953,33.81155388953513,15,2373,,1894,559,1.510090648343988,<1H OCEAN,134280.62712639544
-118.43224765398237,41.54282010578246,44,1246,275.0,353,194,3.5363653979451684,<1H OCEAN,236685.5097207079
-123.1193879586922,40.89690199496163,22,3419,724.0,2661,918,3.539242690827178,INLAND,190310.35898656715
-121.89709302052408,41.07364681044256,34,13690,3960.0,3972,1796,3.3104201506301725,INLAND,205826.2834107354
-115.62489906055565,35.5891163436421,2,6008,1560.0,4359,1072,6.02782002019147,NEAR OCEAN,372570.90132401604
-120.15516222714575,34.07295277866056,39,8807,1437.0,3004,1580,1.0483573442359546,NEAR BAY,194962.94432590454
-120.18034228796436,34.469481120236686,4,7021,1223.0,2266,1367,4.171060180786121,NEAR OCEAN,265340.96988917026
-121.69099361445568,33.33701293671933,38,13380,4055.0,5679,1603,7.0473185066986295,,336635.3114951695
-119.18557459016597,33.61702885994288,8,2808,843.0,1807,642,2.101179084131167,<1H OCEAN,168176.52487607097
-115.98066699422365,33.16313216791906,45,7313,2280.0,6754,1718,2.9419924905996004,NEAR BAY,203767.63280039403
-115.06932599870785,41.705354543605324,16,2250,501.0,893,520,2.487302120272366,NEAR OCEAN,181563.786479589
-123.48483279314932,33.18873645533238,10,5814,1647.0,3273,856,2.3339083815635795,INLAND,175119.8195162475
-118.33682854135083,33.73264135284815,18,10693,3110.0,2033,1264,3.013740799717571,NEAR BAY,256081.00133964684
-119.43381164749819,40.193467738993846,1,2811,573.0,950,601,6.635064425325817,INLAND,336290.04339948634
-117.9343251251899,37.89623401570937,9,4528,791.0,1601,564,7.979087080434596,NEAR BAY,461671.5176402281
-119.63778799353565,39.70208000249479,32,1654,528.0,724,338,3.000645249572692,NEAR OCEAN,210790.63420254725
-120.13382282729516,38.36748167228569,16,856,133.0,409,127,8.225812667493045,<1H OCEAN,472342.6228945459
-119.3868167332192,40.704228154059216,19,3562,896.0,1515,962,3.5466709914664527,NEAR OCEAN,238993.55036580117
-118.26360888668458,38.43774800821208,42,10623,2768.0,2848,1777,7.684159191915905,INLAND,334325.60640455206
-119.08997124747587,37.3557633639993,7,3312,881.0,1765,489,3.3468366216109517,INLAND,223626.30230984552
-119.38412659958941,39.12857215198009,21,5310,1027.0,1812,859,3.7023806131867607,INLAND,206187.60641684406
-115.85807983842757,36.660752591666615,10,7929,2162.0,5756,1691,4.114278615514328,<1H OCEAN,312491.49669441313
-116.59439048937385,35.71839355301403,26,10829,2023.0,5207,1417,14.59215646185762,<1H OCEAN,500000.0
-120.71793935935183,36.849167807786976,18,1052,306.0,211,126,5.119611251258247,INLAND,292081.3086872526
-116.03411340134373,34.07834117741661,3,5570,1043.0,3587,961,2.53890011465624,INLAND,198874.3434193461
-115.4927631761541,39.90811708716503,4,2405,646.0,820,360,5.398110806036144,NEAR BAY,353429.92971287196
-122.63437950518326,34.92454516642429,45,3979,1127.0,1404,534,2.965884668135021,NEAR OCEAN,197529.97839976306
-118.25663889034627,33.92784338093454,3,2514,458.0,935,534,2.7999804015058234,INLAND,202000.6070746554
-121.28981766528803,34.79107584858401,41,8980,1710.0,4514,1148,5.25337439454436,INLAND,276514.23868288356
-116.66044231634743,40.33125241148183,48,2225,628.0,1419,454,3.5395107610340135,NEAR BAY,226315.41964707721
-121.76438964054144,35.5708720490589,25,4007,660.0,1609,543,3.956497489455954,INLAND,193268.8749221415
-117.35168405343508,38.88026378640487,17,2026,370.0,2150,499,3.5123781716808637,INLAND,147431.99309679217
-121.59772850821214,40.46460956509837,41,3553,,1776,719,4.061134657960006,INLAND,226911.55327583267
-118.98633361301458,33.22302540240289,52,7537,2322.0,4990,1222,4.225910133596575,,256966.20016893407
-114.52380602725484,39.6147269681558,7,4845,1190.0,2837,791,1.4598955327986272,NEAR BAY,194336.15269511085
-120.31066310774438,35.36128883732498,51,5194,1121.0,2809,670,4.711270895736069,INLAND,195120.16337377226
-115.26746744317528,34.51458798691159,50,8387,2653.0,4087,989,2.2436214094853533,NEAR OCEAN,155775.74507733036
-114.13316527172027,38.90678350781264,8,4654,1065.0,5043,1153,1.8238787031926569,NEAR BAY,201709.85054503757
-115.27652134218734,40.96110859141907,3,704,158.0,273,145,3.3997943356015448,<1H OCEAN,224677.87329186502
-122.5081664968219,35.24367864102528,38,8540,1879.0,6151,1615,3.6247722237015836,<1H OCEAN,229550.66313237202
-115.83948616074133,37.790154390074164,5,9779,1986.0,6359,1659,2.5546678774308442,INLAND,186765.8177646272
-123.87207616997428,35.19545725880027,32,6758,1388.0,3813,1132,5.073162223771629,<1H OCEAN,343773.90249196795
-120.18832078626706,37.654855947255776,4,8442,2253.0,2505,1085,1.9079343699489246,NEAR OCEAN,196372.85184714355
-115.31851959215778,38.28331688508536,36,9456,1484.0,5528,1286,2.9062840692931347,NEAR OCEAN,243618.19216154137
-117.17472742984882,38.17611911574867,13,3091,822.0,1800,860,2.682654097305236,INLAND,154432.0982162851
-118.76604764115365,38.29898123767754,6,4239,781.0,2164,734,3.4179321316828344,INLAND,170429.38428624586
-120.24378694415728,33.75624206762297,4,4692,1010.0,2145,712,3.9570109438424317,INLAND,224791.52176704927
-115.91457114600308,38.94992636715649,10,2251,394.0,764,388,2.217650212922327,ISLAND,234193.7094316302
-116.96250427972815,38.775178314336074,29,6367,1553.0,5512,1533,4.8352227823508835,NEAR OCEAN,303866.83970362647
-119.42226573992014,38.84806953661701,4,3611,989.0,1157,658,3.5907139900598737,NEAR BAY,271559.5427188154
-115.09665976046146,33.188856140469966,42,3318,698.0,2095,597,1.4897736356145388,NEAR OCEAN,109622.25080045516
-121.85453021824995,36.655601234451616,32,7719,1372.0,6888,1739,1.4457581450389025,INLAND,149150.420446418
-122.46200660658202,36.304026728025285,16,7070,1333.0,2440,971,3.4710471410199175,INLAND,192320.0605214128
-117.64340160379747,33.30641679788175,52,5945,1719.0,4141,1164,3.159976866980205,NEAR OCEAN,180553.78444545204
-114.28565770444195,34.56802172944034,35,3429,670.0,1040,532,3.3316275851370802,,279136.30975742504
-121.67798295227095,36.60095247572174,35,3562,1003.0,2317,586,3.4466677494345115,<1H OCEAN,204551.9151378459
-121.65336213487497,39.40902868168016,10,10592,2185.0,5722,1343,3.8632234582034797,NEAR OCEAN,300129.2040194313
-122.77711175078566,34.70467731595737,37,3605,656.0,1704,877,5.346500979570639,NEAR OCEAN,302934.9714443717
-115.42225173620895,40.216674164161674,30,1498,410.0,1290,368,2.117005932761876,<1H OCEAN,156273.60229995445
-121.89074508780439,37.57592405737701,52,7617,1749.0,4519,1523,2.0598080177563682,INLAND,129943.06606373953
-119.06757902740614,39.57192167221694,25,4502,699.0,2421,796,2.1340130410656095,NEAR OCEAN,206322.59348095013
-114.0931007243775,36.89477064503277,36,6201,1942.0,4408,1242,3.9749513149736453,NEAR OCEAN,280523.0811877269
-124.07616281059516,37.142506296426674,18,5070,888.0,2022,693,6.111830507585224,INLAND,312232.83512780484
-118.5238418767899,38.26339032123065,3,5015,1054.0,3439,1061,2.874553198033062,INLAND,200239.41891314404
-118.97465176440956,41.13012665594216,7,5584,1203.0,3087,1423,1.1322820053939426,INLAND,129455.30218578427
-115.96403676061642,37.07385700714006,46,8949,2087.0,4174,1607,1.62125933060726,INLAND,112105.98207254247
-120.57612829656168,37.416515104407104,39,3448,978.0,1876,468,2.3991955045970985,NEAR BAY,213435.07458799932
-120.01451813922978,38.098571760806024,19,9683,1462.0,2272,1249,2.715624650106768,INLAND,137764.45149516826
-122.4870325978916,39.35889077686885,37,11868,3662.0,5354,1656,2.9043950311898943,NEAR OCEAN,231015.5969159153
-116.64368463731498,33.16820812002198,1,7541,1959.0,2439,1199,3.5514696557076433,INLAND,218781.7206199675
-116.19596912628089,37.29589317825434,2,2564,799.0,1424,360,3.0334911504734023,INLAND,185893.46371581664
-122.80603412805593,36.978801779616205,27,3025,874.0,1393,438,5.596843761003964,INLAND,316206.06432477466
-120.18673784531912,41.0716703534094,33,2149,661.0,1228,460,2.5748524009241414,INLAND,123153.62728180768
-115.09236904730064,37.08961119805797,49,1864,470.0,663,298,2.367789733811165,ISLAND,289710.00407346134
-124.17238580850697,36.85538097265728,40,10191,2148.0,3835,1386,4.329681541596174,INLAND,224634.33933844662
-121.15265747964915,41.44845989337273,14,8854,1995.0,7446,1741,1.748854616039657,INLAND,140954.81197923227
